rate,n_requests,n_requests_CA,n_requests_ST,n_requests_VS,n_instances,n_instances_CA,n_instances_ST,n_instances_VS,n_vnf_req,n_vnf,n_vcpu,bin_conf
[0.59 0.59 0.59],2146,688,720,738,3,1,1,1,8,6,6,0
[0.59 0.59 2.24],3982,666,698,2618,4,1,2,1,11,7,10,0
[0.59 0.59 4.  ],6196,694,690,4812,5,1,1,3,12,11,13,2
[0.59 0.59 6.79],9532,673,676,8183,4,1,0,3,9,9,11,2
[0.59 0.59 7.11],9837,718,699,8420,6,1,1,4,14,13,16,2
[0.59 0.59 8.09],11011,704,716,9591,6,1,1,4,14,13,17,2
[0.59 0.59 8.92],12147,699,710,10738,7,1,1,5,16,15,19,2
[0.59 2.24 0.59],4091,685,2742,664,2,1,0,1,5,5,5,0
[0.59 2.24 2.24],6146,724,2745,2677,3,1,1,1,8,7,7,2
[0.59 2.24 4.  ],8114,694,2608,4812,5,1,1,3,12,11,13,2
[0.59 2.24 6.79],11604,711,2659,8234,6,1,1,4,14,13,16,2
[0.59 2.24 7.11],11936,691,2676,8569,6,1,1,4,14,13,16,2
[0.59 2.24 8.09],13141,717,2605,9819,8,1,1,6,18,17,22,2
[0.59 2.24 8.92],14171,710,2660,10801,7,1,1,5,16,15,19,2
[0.59 4.   0.59],6257,734,4829,694,3,1,1,1,8,7,7,2
[0.59 4.   2.24],8221,690,4854,2677,3,2,0,1,8,7,8,0
[0.59 4.   4.  ],10191,690,4747,4754,4,1,1,2,10,9,13,2
[0.59 4.   6.79],13727,714,4856,8157,6,1,1,4,14,13,18,2
[0.59 4.   7.11],13981,702,4675,8604,7,1,1,5,16,15,24,2
[0.59 4.   8.09],15015,704,4742,9569,6,1,1,4,14,13,17,2
[0.59 4.   8.92],16329,715,4791,10823,8,1,1,6,18,17,28,2
[0.59 6.79 0.59],9434,703,8059,672,4,1,2,1,11,9,16,1
[0.59 6.79 2.24],11650,713,8214,2723,4,1,2,1,11,10,15,1
[0.59 6.79 4.  ],13743,763,8133,4847,5,1,1,3,12,11,17,1
[0.59 6.79 6.79],16912,723,8004,8185,9,1,4,4,23,16,37,0
[0.59 6.79 7.11],17243,731,8016,8496,8,2,2,4,20,17,28,2
[0.59 6.79 8.09],18425,716,8084,9625,7,1,1,5,16,16,24,3
[0.59 6.79 8.92],19392,709,8145,10538,8,1,2,5,19,19,31,3
[0.59 7.11 0.59],9936,733,8508,695,5,1,2,2,13,11,17,1
[0.59 7.11 2.24],11906,679,8559,2668,4,1,2,1,11,11,20,3
[0.59 7.11 4.  ],13889,758,8442,4689,4,1,2,1,11,9,12,1
[0.59 7.11 6.79],17359,733,8676,7950,8,1,3,4,20,17,27,1
[0.59 7.11 7.11],18102,714,8643,8745,8,2,2,4,20,17,28,2
[0.59 7.11 8.09],19004,736,8571,9697,7,1,2,4,17,15,30,2
[0.59 7.11 8.92],20051,766,8560,10725,9,1,2,6,21,21,35,3
[0.59 8.09 0.59],11141,783,9705,653,5,1,2,2,13,12,25,1
[0.59 8.09 2.24],13146,730,9676,2740,5,1,2,2,13,13,25,3
[0.59 8.09 4.  ],15177,696,9714,4767,6,1,3,2,16,14,30,2
[0.59 8.09 6.79],18421,710,9618,8093,6,1,2,3,15,13,24,2
[0.59 8.09 7.11],18922,716,9768,8438,7,1,2,4,17,17,30,3
[0.59 8.09 8.09],20128,687,9742,9699,8,1,3,4,20,20,39,3
[0.59 8.09 8.92],21211,750,9713,10748,10,2,3,5,25,21,40,2
[0.59 8.92 0.59],12046,703,10626,717,5,1,3,1,14,13,27,1
[0.59 8.92 2.24],14246,731,10804,2711,7,1,4,2,19,16,25,1
[0.59 8.92 4.  ],16338,673,10707,4958,7,2,3,2,19,15,31,2
[0.59 8.92 6.79],19610,727,10696,8187,7,1,2,4,17,17,34,3
[0.59 8.92 7.11],20035,739,10793,8503,9,1,4,4,23,20,38,1
[0.59 8.92 8.09],21113,674,10699,9740,8,1,2,5,19,19,36,3
[0.59 8.92 8.92],22148,710,10704,10734,9,1,3,5,22,22,40,3
[2.24 0.59 0.59],4022,2565,718,739,3,1,1,1,8,7,8,1
[2.24 0.59 2.24],6104,2686,710,2708,4,1,2,1,11,7,10,0
[2.24 0.59 4.  ],8186,2668,739,4779,4,1,1,2,10,10,11,3
[2.24 0.59 6.79],11590,2701,736,8153,6,1,1,4,14,14,17,3
[2.24 0.59 7.11],11855,2662,711,8482,5,1,1,3,12,12,14,3
[2.24 0.59 8.09],13048,2648,693,9707,8,2,1,5,19,19,25,3
[2.24 0.59 8.92],13867,2632,655,10580,9,3,1,5,22,19,25,2
[2.24 2.24 0.59],6036,2653,2732,651,4,2,1,1,11,9,10,2
[2.24 2.24 2.24],8055,2701,2662,2692,3,1,1,1,8,8,9,3
[2.24 2.24 4.  ],10073,2667,2618,4788,4,1,1,2,10,10,12,3
[2.24 2.24 6.79],13597,2659,2776,8162,7,2,1,4,17,15,20,2
[2.24 2.24 7.11],13859,2704,2632,8523,7,1,1,5,16,16,20,3
[2.24 2.24 8.09],15132,2652,2676,9804,8,2,1,5,19,17,22,2
[2.24 2.24 8.92],16008,2648,2759,10601,8,2,1,5,19,17,23,2
[2.24 4.   0.59],8113,2695,4714,704,6,1,3,2,16,13,16,1
[2.24 4.   2.24],9929,2646,4663,2620,5,2,1,2,13,13,19,3
[2.24 4.   4.  ],12500,2803,4826,4871,5,2,1,2,13,11,14,2
[2.24 4.   6.79],15578,2689,4808,8081,8,3,1,4,20,17,20,2
[2.24 4.   7.11],16031,2739,4838,8454,6,1,1,4,14,14,18,3
[2.24 4.   8.09],17186,2682,4755,9749,7,1,1,5,16,16,22,3
[2.24 4.   8.92],18068,2613,4785,10670,9,3,1,5,22,19,29,2
[2.24 6.79 0.59],11599,2674,8230,695,5,2,1,2,13,12,17,0
[2.24 6.79 2.24],13670,2781,8319,2570,4,1,2,1,11,11,14,1
[2.24 6.79 4.  ],15515,2627,8095,4793,8,2,3,3,21,15,32,0
[2.24 6.79 6.79],18792,2639,8177,7976,8,2,2,4,20,17,36,2
[2.24 6.79 7.11],19245,2700,8013,8532,7,1,2,4,17,17,27,3
[2.24 6.79 8.09],20479,2654,8221,9604,10,2,3,5,25,25,45,3
[2.24 6.79 8.92],21551,2689,8162,10700,8,1,2,5,19,19,33,3
[2.24 7.11 0.59],12051,2726,8622,703,4,1,2,1,11,11,18,3
[2.24 7.11 2.24],13676,2678,8405,2593,9,2,4,3,24,21,31,1
[2.24 7.11 4.  ],16208,2624,8854,4730,6,2,2,2,16,13,27,2
[2.24 7.11 6.79],19404,2698,8556,8150,7,1,2,4,17,17,29,3
[2.24 7.11 7.11],19845,2790,8502,8553,8,1,3,4,20,20,38,3
[2.24 7.11 8.09],20788,2692,8470,9626,8,1,2,5,19,19,33,3
[2.24 7.11 8.92],21843,2673,8635,10535,9,1,2,6,21,21,33,3
[2.24 8.09 0.59],13215,2752,9750,713,4,1,2,1,11,11,20,3
[2.24 8.09 2.24],15142,2714,9787,2641,4,1,2,1,11,11,23,3
[2.24 8.09 4.  ],17189,2672,9662,4855,6,1,2,3,15,13,23,1
[2.24 8.09 6.79],20708,2662,9787,8259,7,2,1,4,17,16,26,2
[2.24 8.09 7.11],20842,2680,9654,8508,8,2,2,4,20,18,31,2
[2.24 8.09 8.09],21984,2686,9559,9739,8,1,2,5,19,19,32,3
[2.24 8.09 8.92],23112,2649,9841,10622,8,1,2,5,19,19,31,3
[2.24 8.92 0.59],14168,2727,10701,740,5,1,3,1,14,14,28,3
[2.24 8.92 2.24],16004,2742,10627,2635,5,1,3,1,14,14,28,3
[2.24 8.92 4.  ],18633,2716,10873,5044,6,1,2,3,15,15,27,3
[2.24 8.92 6.79],21790,2667,10868,8255,9,2,3,4,23,23,45,3
[2.24 8.92 7.11],21893,2678,10704,8511,8,1,3,4,20,20,37,3
[2.24 8.92 8.09],23151,2690,10839,9622,9,1,3,5,22,22,41,3
[2.24 8.92 8.92],24033,2685,10719,10629,10,1,3,6,24,24,43,3
[4.   0.59 0.59],6145,4701,706,738,3,2,0,1,8,8,10,3
[4.   0.59 2.24],8304,4786,729,2789,4,2,1,1,11,11,15,3
[4.   0.59 4.  ],10310,4847,669,4794,5,2,1,2,13,11,16,2
[4.   0.59 6.79],13532,4716,690,8126,7,2,1,4,17,16,20,2
[4.   0.59 7.11],13976,4870,686,8420,7,2,1,4,17,17,22,3
[4.   0.59 8.09],15008,4697,658,9653,8,2,1,5,19,19,25,3
[4.   0.59 8.92],15908,4685,688,10535,8,2,1,5,19,19,25,3
[4.   2.24 0.59],8346,4896,2718,732,4,2,1,1,11,10,13,1
[4.   2.24 2.24],10375,4950,2734,2691,4,2,1,1,11,10,13,1
[4.   2.24 4.  ],12242,4891,2612,4739,6,3,1,2,16,13,18,2
[4.   2.24 6.79],15462,4754,2598,8110,7,2,1,4,17,17,23,3
[4.   2.24 7.11],16280,4902,2798,8580,7,2,1,4,17,17,22,3
[4.   2.24 8.09],17325,4780,2724,9821,8,2,1,5,19,19,26,3
[4.   2.24 8.92],17987,4734,2679,10574,8,2,1,5,19,19,25,3
[4.   4.   0.59],10215,4782,4782,651,5,2,1,2,13,12,16,1
[4.   4.   2.24],12336,4826,4781,2729,5,3,1,1,14,14,22,3
[4 4 4],14232,4663,4779,4790,6,3,1,2,16,13,23,2
[4.   4.   6.79],17744,4857,4821,8066,10,4,2,4,26,22,36,2
[4.   4.   7.11],18234,4665,4932,8637,9,3,1,5,22,22,30,3
[4.   4.   8.09],19329,4797,4816,9716,9,3,1,5,22,19,29,2
[4.   4.   8.92],20244,4797,4689,10758,8,2,1,5,19,19,33,3
[4.   6.79 0.59],13545,4698,8153,694,4,2,1,1,11,11,14,1
[4.   6.79 2.24],15701,4792,8162,2747,5,2,2,1,14,14,26,3
[4.   6.79 4.  ],17901,4933,8250,4718,7,2,2,3,18,18,30,3
[4.   6.79 6.79],21294,4718,8284,8292,7,2,2,3,18,18,34,3
[4.   6.79 7.11],21678,4824,8265,8589,9,3,2,4,23,23,40,3
[4.   6.79 8.09],22631,4789,8171,9671,9,2,2,5,22,22,39,3
[4.   6.79 8.92],23695,4857,8100,10738,10,3,2,5,25,22,42,2
[4.   7.11 0.59],13913,4723,8491,699,6,2,2,2,16,15,25,1
[4.   7.11 2.24],16110,4937,8548,2625,6,2,2,2,16,16,27,3
[4.   7.11 4.  ],18104,4734,8512,4858,6,2,2,2,16,16,26,3
[4.   7.11 6.79],21413,4806,8542,8065,9,3,3,3,24,21,36,1
[4.   7.11 7.11],21854,4803,8578,8473,9,3,2,4,23,20,40,2
[4.   7.11 8.09],23080,4739,8544,9797,9,2,2,5,22,20,37,2
[4.   7.11 8.92],24024,4797,8578,10649,10,2,2,6,24,24,44,3
[4.   8.09 0.59],15264,4917,9606,741,5,2,2,1,14,14,28,1
[4.   8.09 2.24],17181,4767,9689,2725,6,2,2,2,16,16,32,3
[4.   8.09 4.  ],19126,4766,9670,4690,6,2,2,2,16,16,31,3
[4.   8.09 6.79],22240,4766,9364,8110,8,2,2,4,20,20,35,3
[4.   8.09 7.11],23257,4804,9800,8653,12,6,2,4,32,26,42,2
[4.   8.09 8.09],23991,4769,9732,9490,9,2,3,4,23,23,44,3
[4.   8.09 8.92],25176,4905,9694,10577,9,2,2,5,22,22,41,3
[4.   8.92 0.59],16158,4786,10627,745,6,2,2,2,16,15,19,1
[4.   8.92 2.24],18372,4876,10844,2652,7,3,3,1,20,20,39,3
[4.   8.92 4.  ],20170,4775,10616,4779,5,2,2,1,14,13,25,1
[4.   8.92 6.79],23696,4845,10768,8083,8,2,2,4,20,18,34,2
[4.   8.92 7.11],24066,4845,10648,8573,10,3,3,4,26,26,48,3
[4.   8.92 8.09],25214,4853,10631,9730,11,4,2,5,28,24,41,2
[4.   8.92 8.92],26342,4833,10761,10748,11,3,2,6,27,25,45,2
[6.79 0.59 0.59],9543,8112,752,679,5,4,0,1,14,14,20,3
[6.79 0.59 2.24],11689,8177,724,2788,6,4,1,1,17,15,22,2
[6.79 0.59 4.  ],13509,8053,722,4734,7,4,1,2,19,16,25,2
[6.79 0.59 6.79],17064,8119,726,8219,10,4,1,5,25,25,35,3
[6.79 0.59 7.11],17413,8117,701,8595,9,4,1,4,23,23,33,3
[6.79 0.59 8.09],18499,8113,690,9696,9,4,1,4,23,20,33,2
[6.79 0.59 8.92],19612,8179,664,10769,10,4,1,5,25,25,36,3
[6.79 2.24 0.59],11562,8179,2674,709,6,4,1,1,17,17,24,3
[6.79 2.24 2.24],13471,8161,2684,2626,6,4,1,1,17,17,24,3
[6.79 2.24 4.  ],15626,8094,2722,4810,8,4,1,3,21,21,30,3
[6.79 2.24 6.79],19086,8216,2585,8285,9,4,1,4,23,23,32,3
[6.79 2.24 7.11],19250,8066,2673,8511,10,4,1,5,25,25,35,3
[6.79 2.24 8.09],20601,8262,2661,9678,10,4,1,5,25,23,35,2
[6.79 2.24 8.92],21704,8275,2765,10664,10,4,1,5,25,25,35,3
[6.79 4.   0.59],13457,8044,4749,664,7,5,1,1,20,16,23,2
[6.79 4.   2.24],15554,8091,4737,2726,7,4,1,2,19,19,27,3
[6.79 4.   4.  ],17613,8110,4757,4746,7,4,1,2,19,18,25,1
[6.79 4.   6.79],21161,8060,4792,8309,11,5,1,5,28,25,37,2
[6.79 4.   7.11],21452,8139,4887,8426,10,4,1,5,25,25,40,3
[6.79 4.   8.09],22445,8129,4772,9544,10,4,1,5,25,23,31,2
[6.79 4.   8.92],23663,8101,4734,10828,11,4,1,6,27,27,39,3
[6.79 6.79 0.59],17252,8269,8288,695,7,4,2,1,20,20,38,3
[6.79 6.79 2.24],18905,8145,8013,2747,9,6,2,1,26,21,34,2
[6.79 6.79 4.  ],20991,8173,8069,4749,10,5,2,3,27,23,40,2
[6.79 6.79 6.79],24417,8243,8154,8020,11,5,2,4,29,25,44,2
[6.79 6.79 7.11],24821,8088,8304,8429,11,6,2,3,30,23,42,0
[6.79 6.79 8.09],25764,8175,7965,9624,11,5,1,5,28,25,39,2
[6.79 6.79 8.92],26996,8051,8328,10617,12,4,2,6,30,30,48,3
[6.79 7.11 0.59],17464,8228,8519,717,7,4,2,1,20,20,33,3
[6.79 7.11 2.24],19389,8138,8498,2753,6,4,1,1,17,17,29,3
[6.79 7.11 4.  ],21677,8352,8490,4835,9,4,2,3,24,22,38,1
[6.79 7.11 6.79],25003,8121,8617,8265,13,6,3,4,35,29,50,2
[6.79 7.11 7.11],25516,8192,8697,8627,10,4,2,4,26,26,49,3
[6.79 7.11 8.09],26570,8265,8671,9634,11,4,2,5,28,28,48,3
[6.79 7.11 8.92],27448,8235,8529,10684,11,4,2,5,28,28,45,3
[6.79 8.09 0.59],18564,8127,9733,704,7,4,2,1,20,20,33,3
[6.79 8.09 2.24],20573,8258,9645,2670,11,7,3,1,32,25,43,2
[6.79 8.09 4.  ],22480,8095,9595,4790,8,4,2,2,22,22,43,3
[6.79 8.09 6.79],25892,8083,9699,8110,10,4,2,4,26,26,48,3
[6.79 8.09 7.11],26336,8203,9681,8452,8,4,1,3,21,20,32,1
[6.79 8.09 8.09],27546,8195,9652,9699,10,4,2,4,26,26,45,3
[6.79 8.09 8.92],28752,8271,9728,10753,13,5,3,5,34,34,60,3
[6.79 8.92 0.59],19699,8221,10753,725,7,4,2,1,20,17,39,2
[6.79 8.92 2.24],21428,8189,10593,2646,8,4,2,2,22,21,29,1
[6.79 8.92 4.  ],23645,8271,10608,4766,9,5,2,2,25,21,44,2
[6.79 8.92 6.79],27282,8279,10928,8075,10,4,3,3,27,27,49,3
[6.79 8.92 7.11],27430,8175,10696,8559,10,4,2,4,26,26,49,3
[6.79 8.92 8.09],28419,8083,10659,9677,12,4,3,5,31,31,57,3
[6.79 8.92 8.92],30039,8374,10860,10805,13,4,3,6,33,33,61,3
[7.11 0.59 0.59],9927,8503,726,698,7,5,1,1,20,16,26,0
[7.11 0.59 2.24],11949,8534,727,2688,6,4,1,1,17,15,22,2
[7.11 0.59 4.  ],14011,8486,725,4800,7,4,1,2,19,17,27,2
[7.11 0.59 6.79],17266,8458,708,8100,9,5,1,3,24,20,34,2
[7.11 0.59 7.11],17843,8603,697,8543,11,5,2,4,29,24,36,2
[7.11 0.59 8.09],18906,8553,697,9656,9,4,1,4,23,20,33,2
[7.11 0.59 8.92],19874,8338,689,10847,10,4,1,5,25,25,35,3
[7.11 2.24 0.59],11916,8493,2747,676,6,4,1,1,17,15,21,2
[7.11 2.24 2.24],13699,8487,2577,2635,7,4,1,2,19,17,25,2
[7.11 2.24 4.  ],16187,8665,2707,4815,6,3,1,2,16,15,27,0
[7.11 2.24 6.79],19177,8537,2638,8002,9,4,1,4,23,20,31,2
[7.11 2.24 7.11],19991,8734,2694,8563,9,4,1,4,23,23,32,3
[7.11 2.24 8.09],20851,8633,2676,9542,10,4,1,5,25,22,34,2
[7.11 2.24 8.92],22004,8459,2652,10893,10,4,1,5,25,25,36,3
[7.11 4.   0.59],14044,8630,4665,749,7,5,1,1,20,17,27,2
[7.11 4.   2.24],16291,8597,4975,2719,7,4,1,2,19,19,31,3
[7.11 4.   4.  ],18305,8668,4778,4859,9,5,1,3,24,21,30,2
[7.11 4.   6.79],21438,8547,4779,8112,9,4,1,4,23,23,37,3
[7.11 4.   7.11],22007,8609,4851,8547,11,5,1,5,28,28,42,3
[7.11 4.   8.09],23412,8646,4945,9821,11,4,1,6,27,24,39,2
[7.11 4.   8.92],24237,8590,4743,10904,11,4,1,6,27,27,40,3
[7.11 6.79 0.59],17339,8485,8163,691,10,4,3,3,27,20,35,0
[7.11 6.79 2.24],19361,8560,8190,2611,8,4,2,2,22,22,42,3
[7.11 6.79 4.  ],21624,8402,8345,4877,8,4,2,2,22,19,35,2
[7.11 6.79 6.79],25045,8640,8210,8195,11,6,1,4,29,25,45,2
[7.11 6.79 7.11],25149,8581,8194,8374,9,3,2,4,23,21,37,2
[7.11 6.79 8.09],26387,8545,8176,9666,10,4,2,4,26,26,46,3
[7.11 6.79 8.92],27302,8525,8113,10664,11,4,2,5,28,28,45,3
[7.11 7.11 0.59],17652,8466,8501,685,8,5,2,1,23,19,34,2
[7.11 7.11 2.24],19718,8558,8500,2660,6,4,1,1,17,17,31,3
[7.11 7.11 4.  ],21636,8638,8299,4699,9,6,1,2,25,21,34,2
[7.11 7.11 6.79],25327,8619,8503,8205,13,5,4,4,35,32,56,1
[7.11 7.11 7.11],25598,8496,8604,8498,11,5,2,4,29,25,45,2
[7.11 7.11 8.09],26767,8451,8489,9827,11,4,2,5,28,28,50,3
[7.11 7.11 8.92],27740,8669,8535,10536,12,5,2,5,31,31,50,3
[7.11 8.09 0.59],18738,8410,9642,686,8,6,1,1,23,19,29,2
[7.11 8.09 2.24],21002,8674,9653,2675,7,4,2,1,20,20,34,3
[7.11 8.09 4.  ],22898,8604,9667,4627,9,5,2,2,25,25,44,3
[7.11 8.09 6.79],26392,8607,9620,8165,14,8,2,4,38,30,55,2
[7.11 8.09 7.11],27000,8578,9751,8671,10,4,2,4,26,26,44,3
[7.11 8.09 8.09],28087,8567,9672,9848,11,4,2,5,28,28,49,3
[7.11 8.09 8.92],28778,8507,9610,10661,12,4,3,5,31,31,55,3
[7.11 8.92 0.59],20085,8669,10681,735,7,4,2,1,20,20,37,3
[7.11 8.92 2.24],21885,8626,10612,2647,9,5,3,1,26,22,48,2
[7.11 8.92 4.  ],24055,8428,10807,4820,11,5,3,3,30,27,50,1
[7.11 8.92 6.79],27284,8408,10776,8100,12,5,3,4,32,27,54,2
[7.11 8.92 7.11],27808,8609,10650,8549,10,4,2,4,26,22,47,2
[7.11 8.92 8.09],28940,8451,10774,9715,12,4,3,5,31,31,58,3
[7.11 8.92 8.92],30008,8462,10704,10842,14,7,2,5,37,31,55,2
[8.09 0.59 0.59],11002,9561,737,704,5,4,0,1,14,14,21,1
[8.09 0.59 2.24],13060,9646,733,2681,8,5,2,1,23,17,27,0
[8.09 0.59 4.  ],15422,9741,736,4945,8,4,1,3,21,21,29,3
[8.09 0.59 6.79],18412,9531,691,8190,10,5,1,4,26,26,38,3
[8.09 0.59 7.11],19006,9697,790,8519,10,5,1,4,26,26,37,3
[8.09 0.59 8.09],20048,9671,690,9687,10,6,0,4,26,22,38,2
[8.09 0.59 8.92],21310,9820,748,10742,12,5,1,6,30,30,43,3
[8.09 2.24 0.59],13170,9830,2630,710,6,5,0,1,17,16,22,2
[8.09 2.24 2.24],15141,9739,2732,2670,6,4,1,1,17,17,23,3
[8.09 2.24 4.  ],17238,9681,2694,4863,8,5,1,2,22,22,31,3
[8.09 2.24 6.79],20728,9789,2751,8188,8,4,1,3,21,21,31,3
[8.09 2.24 7.11],21039,9801,2729,8509,11,6,1,4,29,29,42,3
[8.09 2.24 8.09],22143,9812,2719,9612,11,5,1,5,28,28,40,3
[8.09 2.24 8.92],23105,9694,2723,10688,11,5,1,5,28,28,41,3
[8.09 4.   0.59],15231,9614,4855,762,7,5,1,1,20,20,30,3
[8.09 4.   2.24],17234,9740,4801,2693,7,5,1,1,20,17,28,2
[8.09 4.   4.  ],19237,9729,4719,4789,8,5,1,2,22,22,32,3
[8.09 4.   6.79],22536,9676,4716,8144,10,5,1,4,26,26,37,3
[8.09 4.   7.11],23320,9956,4845,8519,11,5,1,5,28,28,42,3
[8.09 4.   8.09],24360,9679,4857,9824,11,5,1,5,28,28,42,3
[8.09 4.   8.92],25454,9875,4840,10739,11,5,1,5,28,28,41,3
[8.09 6.79 0.59],18439,9624,8086,729,9,5,2,2,25,23,38,1
[8.09 6.79 2.24],20341,9606,8016,2719,9,5,3,1,26,26,48,3
[8.09 6.79 4.  ],22880,9753,8269,4858,10,6,2,2,28,23,45,2
[8.09 6.79 6.79],25914,9844,7949,8121,11,5,2,4,29,29,48,3
[8.09 6.79 7.11],26583,9714,8365,8504,11,5,1,5,28,26,44,2
[8.09 6.79 8.09],27588,9718,8154,9716,13,5,2,6,33,33,55,3
[8.09 6.79 8.92],28515,9773,8060,10682,12,5,2,5,31,31,53,3
[8.09 7.11 0.59],18852,9569,8567,716,7,4,1,2,19,18,25,1
[8.09 7.11 2.24],20738,9707,8385,2646,8,5,2,1,23,23,43,3
[8.09 7.11 4.  ],23049,9647,8536,4866,9,5,2,2,25,21,37,2
[8.09 7.11 6.79],26021,9550,8418,8053,16,9,3,4,44,35,56,2
[8.09 7.11 7.11],26696,9670,8439,8587,11,5,2,4,29,29,49,3
[8.09 7.11 8.09],27837,9676,8548,9613,12,5,2,5,31,31,51,3
[8.09 7.11 8.92],28645,9644,8514,10487,13,5,3,5,34,34,61,3
[8.09 8.09 0.59],20089,9688,9665,736,8,5,2,1,23,23,40,3
[8.09 8.09 2.24],22008,9745,9641,2622,9,5,2,2,25,24,42,1
[8.09 8.09 4.  ],24481,9799,9837,4845,12,7,2,3,33,27,46,2
[8.09 8.09 6.79],27506,9646,9695,8165,11,5,2,4,29,29,53,3
[8.09 8.09 7.11],27911,9686,9703,8522,11,5,1,5,28,27,46,1
[8.09 8.09 8.09],29096,9845,9631,9620,12,5,2,5,31,27,55,2
[8.09 8.09 8.92],30081,9722,9726,10633,14,5,3,6,36,36,63,3
[8.09 8.92 0.59],21263,9835,10752,676,8,5,2,1,23,23,39,3
[8.09 8.92 2.24],23381,9666,10930,2785,9,5,3,1,26,26,48,3
[8.09 8.92 4.  ],25170,9679,10571,4920,9,5,2,2,25,25,40,1
[8.09 8.92 6.79],28301,9652,10654,7995,13,5,4,4,35,31,56,1
[8.09 8.92 7.11],28936,9753,10528,8655,11,4,3,4,29,29,53,3
[8.09 8.92 8.09],30135,9701,10780,9654,11,5,2,4,29,29,51,3
[8.09 8.92 8.92],31025,9725,10606,10694,15,5,4,6,39,35,68,1
[8.92 0.59 0.59],12018,10620,653,745,7,6,0,1,20,20,30,1
[8.92 0.59 2.24],14002,10665,719,2618,8,5,1,2,22,22,31,3
[8.92 0.59 4.  ],16274,10742,737,4795,8,5,1,2,22,22,32,3
[8.92 0.59 6.79],19513,10647,660,8206,10,5,1,4,26,26,37,3
[8.92 0.59 7.11],19992,10790,702,8500,9,5,1,3,24,24,36,3
[8.92 0.59 8.09],21001,10528,734,9739,11,5,1,5,28,28,40,3
[8.92 0.59 8.92],22439,11008,697,10734,12,5,2,5,31,27,45,2
[8.92 2.24 0.59],14061,10728,2611,722,7,5,1,1,20,20,28,3
[8.92 2.24 2.24],16014,10712,2624,2678,7,5,1,1,20,20,28,3
[8.92 2.24 4.  ],18112,10604,2688,4820,10,6,1,3,27,27,39,3
[8.92 2.24 6.79],21549,10662,2702,8185,11,6,1,4,29,29,42,3
[8.92 2.24 7.11],21840,10679,2677,8484,11,6,1,4,29,26,38,2
[8.92 2.24 8.09],22964,10660,2671,9633,12,6,1,5,31,31,45,3
[8.92 2.24 8.92],24031,10693,2682,10656,11,5,1,5,28,28,40,3
[8.92 4.   0.59],16164,10698,4745,721,7,5,1,1,20,20,29,3
[8.92 4.   2.24],18295,10862,4778,2655,8,6,1,1,23,20,30,2
[8.92 4.   4.  ],20310,10706,4816,4788,7,4,1,2,19,17,30,2
[8.92 4.   6.79],23542,10765,4773,8004,11,5,1,5,28,28,45,3
[8.92 4.   7.11],24058,10552,4821,8685,11,6,1,4,29,27,40,2
[8.92 4.   8.09],25373,10822,4648,9903,11,5,1,5,28,28,41,3
[8.92 4.   8.92],26166,10568,4875,10723,12,5,1,6,30,30,47,3
[8.92 6.79 0.59],19385,10685,8037,663,8,5,2,1,23,22,38,1
[8.92 6.79 2.24],21643,10632,8227,2784,8,5,2,1,23,23,38,3
[8.92 6.79 4.  ],23726,10754,8151,4821,10,5,2,3,27,27,46,3
[8.92 6.79 6.79],26854,10751,7953,8150,11,5,2,4,29,29,49,3
[8.92 6.79 7.11],27419,10716,8157,8546,10,4,2,4,26,23,44,2
[8.92 6.79 8.09],28653,10842,8183,9628,13,7,1,5,34,29,55,2
[8.92 6.79 8.92],29685,10640,8281,10764,14,7,2,5,37,32,55,2
[8.92 7.11 0.59],19748,10557,8472,719,7,5,1,1,20,20,31,1
[8.92 7.11 2.24],21758,10639,8487,2632,8,5,2,1,23,23,43,3
[8.92 7.11 4.  ],24222,10821,8632,4769,9,7,0,2,25,21,32,2
[8.92 7.11 6.79],27150,10614,8400,8136,12,6,2,4,32,32,59,3
[8.92 7.11 7.11],27641,10648,8475,8518,12,5,2,5,31,31,53,3
[8.92 7.11 8.09],28947,10687,8672,9588,11,5,2,4,29,29,51,3
[8.92 7.11 8.92],30293,10893,8710,10690,12,5,2,5,31,27,51,2
[8.92 8.09 0.59],20946,10749,9494,703,8,5,2,1,23,23,45,3
[8.92 8.09 2.24],23078,10651,9760,2667,8,5,2,1,23,23,40,3
[8.92 8.09 4.  ],25250,10633,9828,4789,11,6,3,2,31,26,51,2
[8.92 8.09 6.79],28400,10627,9670,8103,15,8,2,5,40,34,57,2
[8.92 8.09 7.11],29186,10681,9774,8731,11,5,2,4,29,29,50,3
[8.92 8.09 8.09],30173,10744,9571,9858,12,5,2,5,31,31,53,3
[8.92 8.09 8.92],30945,10491,9722,10732,13,5,2,6,33,33,53,3
[8.92 8.92 0.59],22313,10743,10892,678,10,5,2,3,27,26,42,1
[8.92 8.92 2.24],24135,10764,10643,2728,11,7,2,2,31,26,48,2
[8.92 8.92 4.  ],26264,10852,10752,4660,12,8,2,2,34,27,52,2
[8.92 8.92 6.79],29288,10509,10794,7985,16,9,3,4,44,36,62,2
[8.92 8.92 7.11],30165,10803,10738,8624,14,6,3,5,37,37,66,3
[8.92 8.92 8.09],30896,10537,10542,9817,13,5,3,5,34,34,61,3
[8.92 8.92 8.92],31970,10668,10703,10599,13,5,3,5,34,34,61,3
[0.59 0.59 0.59],2220,746,742,732,3,1,1,1,8,6,6,0
[0.59 0.59 2.24],4119,710,708,2701,3,1,1,1,8,6,8,0
[0.59 0.59 4.  ],6244,757,725,4762,4,1,1,2,10,9,10,2
[0.59 0.59 6.79],9614,735,732,8147,5,1,1,3,12,11,13,2
[0.59 0.59 7.11],10029,739,697,8593,6,1,1,4,14,13,17,2
[0.59 0.59 8.09],10930,683,743,9504,7,1,1,5,16,15,19,2
[0.59 0.59 8.92],12197,696,712,10789,6,1,0,5,13,13,18,2
[0.59 2.24 0.59],4173,723,2772,678,3,1,1,1,8,6,7,0
[0.59 2.24 2.24],6003,684,2646,2673,3,1,1,1,8,7,7,2
[0.59 2.24 4.  ],8284,707,2697,4880,4,1,1,2,10,9,10,2
[0.59 2.24 6.79],11588,701,2694,8193,6,1,1,4,14,13,17,2
[0.59 2.24 7.11],11724,659,2639,8426,6,1,1,4,14,13,16,2
[0.59 2.24 8.09],13031,678,2647,9706,8,1,1,6,18,17,22,2
[0.59 2.24 8.92],14351,713,2734,10904,7,1,1,5,16,15,19,2
[0.59 4.   0.59],6181,715,4770,696,4,1,1,2,10,9,10,1
[0.59 4.   2.24],8246,712,4863,2671,3,1,1,1,8,7,9,2
[0.59 4.   4.  ],10153,667,4721,4765,4,1,1,2,10,9,10,2
[0.59 4.   6.79],13767,734,4916,8117,6,1,1,4,14,13,16,2
[0.59 4.   7.11],13885,731,4715,8439,6,1,1,4,14,13,16,2
[0.59 4.   8.09],15309,748,4867,9694,6,1,1,4,14,14,21,3
[0.59 4.   8.92],16187,782,4699,10706,8,1,1,6,18,17,22,2
[0.59 6.79 0.59],9511,674,8139,698,5,1,2,2,13,11,17,1
[0.59 6.79 2.24],11459,761,8014,2684,5,2,2,1,14,11,18,2
[0.59 6.79 4.  ],13904,714,8227,4963,5,1,2,2,13,11,19,2
[0.59 6.79 6.79],16943,694,8125,8124,7,1,2,4,17,15,25,2
[0.59 6.79 7.11],17417,755,8099,8563,7,1,2,4,17,17,33,3
[0.59 6.79 8.09],18632,726,8226,9680,7,1,2,4,17,17,27,3
[0.59 6.79 8.92],19536,689,8185,10662,6,1,1,4,14,14,22,3
[0.59 7.11 0.59],9881,708,8477,696,4,1,2,1,11,10,15,1
[0.59 7.11 2.24],11895,723,8533,2639,6,2,3,1,17,11,15,0
[0.59 7.11 4.  ],14183,703,8698,4782,5,1,2,2,13,13,27,3
[0.59 7.11 6.79],17359,656,8456,8247,7,1,2,4,17,17,29,3
[0.59 7.11 7.11],17777,705,8469,8603,9,1,4,4,23,17,30,0
[0.59 7.11 8.09],19118,700,8575,9843,8,1,2,5,19,17,32,2
[0.59 7.11 8.92],19828,697,8496,10635,8,1,2,5,19,17,35,2
[0.59 8.09 0.59],11354,673,9962,719,5,2,2,1,14,11,20,2
[0.59 8.09 2.24],13102,673,9630,2799,5,2,2,1,14,11,19,2
[0.59 8.09 4.  ],15199,694,9660,4845,5,1,2,2,13,12,23,1
[0.59 8.09 6.79],18630,745,9700,8185,7,1,2,4,17,17,34,3
[0.59 8.09 7.11],19121,729,9740,8652,5,1,1,3,12,12,20,0
[0.59 8.09 8.09],19987,667,9621,9699,9,1,4,4,23,21,36,1
[0.59 8.09 8.92],20952,690,9642,10620,8,1,2,5,19,19,31,3
[0.59 8.92 0.59],12106,758,10570,778,7,1,3,3,18,16,30,1
[0.59 8.92 2.24],14051,686,10710,2655,5,1,3,1,14,14,28,3
[0.59 8.92 4.  ],16164,745,10574,4845,5,1,2,2,13,13,24,3
[0.59 8.92 6.79],19749,679,10808,8262,7,1,3,3,18,14,30,0
[0.59 8.92 7.11],19838,723,10672,8443,8,2,2,4,20,17,33,2
[0.59 8.92 8.09],21273,714,10797,9762,8,1,2,5,19,19,36,3
[0.59 8.92 8.92],22052,713,10836,10503,10,1,3,6,24,24,43,3
[2.24 0.59 0.59],4004,2679,625,700,3,1,1,1,8,7,7,1
[2.24 0.59 2.24],6101,2726,715,2660,3,1,1,1,8,8,8,3
[2.24 0.59 4.  ],8132,2652,711,4769,4,1,1,2,10,9,11,2
[2.24 0.59 6.79],11738,2694,756,8288,6,1,1,4,14,13,17,2
[2.24 0.59 7.11],11961,2702,681,8578,6,1,1,4,14,13,16,2
[2.24 0.59 8.09],13195,2717,687,9791,6,1,1,4,14,13,17,2
[2.24 0.59 8.92],14152,2713,751,10688,7,1,1,5,16,15,21,2
[2.24 2.24 0.59],6116,2720,2708,688,3,1,1,1,8,8,8,3
[2.24 2.24 2.24],8153,2793,2741,2619,3,1,1,1,8,7,8,2
[2.24 2.24 4.  ],10145,2631,2699,4815,6,2,1,3,15,13,17,2
[2.24 2.24 6.79],13597,2703,2640,8254,6,1,1,4,14,14,17,3
[2.24 2.24 7.11],14065,2723,2727,8615,7,1,1,5,16,16,20,3
[2.24 2.24 8.09],14918,2572,2650,9696,7,1,1,5,16,15,21,2
[2.24 2.24 8.92],16116,2674,2654,10788,7,1,1,5,16,16,21,3
[2.24 4.   0.59],8141,2655,4726,760,3,1,1,1,8,8,8,3
[2.24 4.   2.24],10130,2657,4860,2613,4,1,1,2,10,10,14,3
[2.24 4.   4.  ],12407,2726,4836,4845,4,1,1,2,10,10,11,3
[2.24 4.   6.79],15725,2726,4885,8114,6,1,1,4,14,14,22,3
[2.24 4.   7.11],16064,2712,4819,8533,6,1,1,4,14,14,17,3
[2.24 4.   8.09],17100,2707,4740,9653,7,1,1,5,16,16,22,3
[2.24 4.   8.92],18358,2688,4766,10904,8,1,1,6,18,18,26,3
[2.24 6.79 0.59],11452,2680,8073,699,4,1,1,2,10,9,12,1
[2.24 6.79 2.24],13858,2776,8335,2747,4,1,2,1,11,11,19,3
[2.24 6.79 4.  ],15854,2749,8250,4855,6,1,2,3,15,15,26,3
[2.24 6.79 6.79],19121,2630,8170,8321,9,2,2,5,22,19,38,2
[2.24 6.79 7.11],19251,2760,8091,8400,7,2,2,3,18,16,25,0
[2.24 6.79 8.09],20469,2718,8200,9551,7,1,1,5,16,16,27,3
[2.24 6.79 8.92],21564,2685,8129,10750,9,1,2,6,21,21,33,3
[2.24 7.11 0.59],11649,2624,8356,669,5,2,1,2,13,12,19,1
[2.24 7.11 2.24],13960,2714,8588,2658,4,1,2,1,11,11,23,3
[2.24 7.11 4.  ],16126,2736,8696,4694,4,1,1,2,10,10,18,3
[2.24 7.11 6.79],19448,2700,8549,8199,7,1,2,4,17,17,29,3
[2.24 7.11 7.11],19743,2700,8406,8637,8,1,2,5,19,19,30,3
[2.24 7.11 8.09],21058,2779,8693,9586,8,1,3,4,20,17,29,1
[2.24 7.11 8.92],21601,2631,8423,10547,9,2,2,5,22,20,33,2
[2.24 8.09 0.59],12920,2617,9599,704,6,2,2,2,16,15,19,1
[2.24 8.09 2.24],15469,2725,10061,2683,4,1,2,1,11,11,20,3
[2.24 8.09 4.  ],17225,2712,9696,4817,6,1,2,3,15,15,30,3
[2.24 8.09 6.79],20602,2715,9787,8100,7,1,2,4,17,16,33,2
[2.24 8.09 7.11],20632,2654,9578,8400,8,2,2,4,20,20,37,3
[2.24 8.09 8.09],22302,2723,9778,9801,9,1,2,6,21,21,37,3
[2.24 8.09 8.92],22977,2662,9581,10734,8,1,2,5,19,19,34,3
[2.24 8.92 0.59],14029,2668,10667,694,6,1,2,3,15,13,20,1
[2.24 8.92 2.24],15924,2616,10684,2624,6,2,2,2,16,16,30,3
[2.24 8.92 4.  ],18226,2733,10710,4783,6,1,3,2,16,16,31,3
[2.24 8.92 6.79],21536,2739,10692,8105,7,1,2,4,17,17,32,3
[2.24 8.92 7.11],21959,2793,10597,8569,7,1,2,4,17,17,34,3
[2.24 8.92 8.09],22958,2723,10744,9491,9,1,3,5,22,22,42,3
[2.24 8.92 8.92],24037,2581,10741,10715,9,1,3,5,22,22,42,3
[4.   0.59 0.59],6205,4838,683,684,5,3,1,1,14,11,14,0
[4.   0.59 2.24],8185,4806,729,2650,5,3,1,1,14,12,16,2
[4.   0.59 4.  ],10394,4862,718,4814,6,2,1,3,15,14,19,2
[4.   0.59 6.79],13847,4801,719,8327,7,2,1,4,17,15,23,2
[4.   0.59 7.11],13952,4735,702,8515,8,2,1,5,19,19,25,3
[4.   0.59 8.09],15221,4809,697,9715,8,2,1,5,19,18,25,2
[4.   0.59 8.92],16380,4810,741,10829,9,3,1,5,22,20,28,2
[4.   2.24 0.59],8229,4781,2705,743,4,2,1,1,11,10,14,1
[4.   2.24 2.24],10322,4821,2804,2697,5,2,2,1,14,10,15,0
[4.   2.24 4.  ],12205,4779,2688,4738,5,2,1,2,13,13,17,3
[4.   2.24 6.79],15580,4822,2674,8084,8,3,1,4,20,17,25,2
[4.   2.24 7.11],15989,4852,2626,8511,9,3,1,5,22,19,27,2
[4.   2.24 8.09],17386,4814,2777,9795,7,2,1,4,17,15,26,2
[4.   2.24 8.92],18041,4694,2724,10623,8,2,1,5,19,19,25,3
[4.   4.   0.59],10194,4770,4724,700,4,2,1,1,11,11,14,3
[4.   4.   2.24],12236,4841,4743,2652,5,3,1,1,14,12,16,2
[4 4 4],14376,4738,4758,4880,5,2,1,2,13,13,19,3
[4.   4.   6.79],17610,4702,4781,8127,7,2,1,4,17,17,26,3
[4.   4.   7.11],17984,4837,4837,8310,9,3,1,5,22,22,31,3
[4.   4.   8.09],19405,4862,4816,9727,9,3,1,5,22,22,30,3
[4.   4.   8.92],20100,4845,4716,10539,9,3,1,5,22,22,30,3
[4.   6.79 0.59],13893,4838,8315,740,6,3,2,1,17,16,25,1
[4.   6.79 2.24],15644,4884,8064,2696,6,3,2,1,17,17,31,3
[4.   6.79 4.  ],17759,4845,8187,4727,8,3,2,3,21,19,32,1
[4.   6.79 6.79],20894,4666,8177,8051,9,3,2,4,23,20,33,2
[4.   6.79 7.11],21436,4845,8070,8521,10,3,2,5,25,22,38,2
[4.   6.79 8.09],22623,4792,8129,9702,10,2,2,6,24,24,39,3
[4.   6.79 8.92],23634,4774,8066,10794,8,2,1,5,19,18,29,2
[4.   7.11 0.59],13976,4754,8538,684,5,2,2,1,14,14,25,3
[4.   7.11 2.24],16158,4786,8728,2644,5,2,2,1,14,14,24,3
[4.   7.11 4.  ],18292,4775,8706,4811,10,2,5,3,27,23,38,1
[4.   7.11 6.79],21256,4799,8417,8040,7,2,2,3,18,17,24,1
[4.   7.11 7.11],22032,4800,8594,8638,9,2,2,5,22,22,43,3
[4.   7.11 8.09],22944,4774,8481,9689,8,2,2,4,20,20,38,3
[4.   7.11 8.92],24060,4827,8664,10569,10,3,2,5,25,23,42,2
[4.   8.09 0.59],15085,4752,9602,731,7,2,3,2,19,16,26,1
[4.   8.09 2.24],17278,4716,9776,2786,6,3,2,1,17,14,30,2
[4.   8.09 4.  ],19338,4856,9621,4861,7,3,2,2,19,19,31,3
[4.   8.09 6.79],22780,4815,9817,8148,10,3,3,4,26,26,47,3
[4.   8.09 7.11],23096,4828,9615,8653,10,3,3,4,26,26,47,3
[4.   8.09 8.09],24338,4855,9760,9723,10,3,2,5,25,25,42,3
[4.   8.09 8.92],25229,4839,9750,10640,10,3,2,5,25,22,41,2
[4.   8.92 0.59],16318,4812,10803,703,7,3,2,2,19,18,33,1
[4.   8.92 2.24],18279,4833,10769,2677,6,3,2,1,17,14,31,2
[4.   8.92 4.  ],20442,4850,10819,4773,8,4,2,2,22,18,31,2
[4.   8.92 6.79],23996,4973,10851,8172,11,4,3,4,29,25,43,2
[4.   8.92 7.11],24212,4753,10734,8725,10,2,3,5,25,25,46,3
[4.   8.92 8.09],25459,4839,10863,9757,11,3,3,5,28,24,50,2
[4.   8.92 8.92],26113,4695,10677,10741,9,2,2,5,22,22,39,3
[6.79 0.59 0.59],9650,8171,735,744,6,4,1,1,17,14,21,0
[6.79 0.59 2.24],11648,8263,698,2687,6,4,1,1,17,14,23,2
[6.79 0.59 4.  ],13628,8069,743,4816,8,4,1,3,21,21,29,3
[6.79 0.59 6.79],16857,8000,692,8165,9,4,1,4,23,23,34,3
[6.79 0.59 7.11],17433,8109,692,8632,8,4,0,4,20,18,29,2
[6.79 0.59 8.09],18868,8229,698,9941,10,4,1,5,25,25,35,3
[6.79 0.59 8.92],19526,8126,659,10741,10,4,0,6,24,22,34,2
[6.79 2.24 0.59],11645,8193,2712,740,7,5,1,1,20,16,23,0
[6.79 2.24 2.24],13662,8361,2692,2609,7,4,1,2,19,17,26,2
[6.79 2.24 4.  ],15503,8043,2612,4848,8,4,1,3,21,21,29,3
[6.79 2.24 6.79],19106,8122,2754,8230,10,4,1,5,25,25,35,3
[6.79 2.24 7.11],19234,8152,2689,8393,8,4,1,3,21,21,31,3
[6.79 2.24 8.09],20558,8197,2733,9628,10,4,1,5,25,22,34,2
[6.79 2.24 8.92],21640,8216,2692,10732,11,5,1,5,28,28,40,3
[6.79 4.   0.59],13659,8101,4850,708,6,4,1,1,17,17,24,3
[6.79 4.   2.24],15623,8126,4829,2668,6,4,1,1,17,17,23,3
[6.79 4.   4.  ],17766,8132,4793,4841,8,5,1,2,22,19,28,2
[6.79 4.   6.79],21231,8111,4866,8254,9,4,1,4,23,23,35,3
[6.79 4.   7.11],21631,8158,4930,8543,10,4,1,5,25,25,36,3
[6.79 4.   8.09],22896,8204,4905,9787,12,6,1,5,31,26,47,2
[6.79 4.   8.92],23866,8154,4846,10866,10,4,1,5,25,25,37,3
[6.79 6.79 0.59],16994,8128,8186,680,7,4,2,1,20,19,36,1
[6.79 6.79 2.24],18875,8071,8143,2661,7,4,2,1,20,20,34,3
[6.79 6.79 4.  ],21175,8114,8256,4805,9,4,2,3,24,22,41,1
[6.79 6.79 6.79],24496,8264,8178,8054,11,5,2,4,29,24,40,2
[6.79 6.79 7.11],24907,8197,8051,8659,9,3,2,4,23,23,40,3
[6.79 6.79 8.09],25881,8082,8054,9745,11,4,2,5,28,28,47,3
[6.79 6.79 8.92],26699,8148,8052,10499,11,4,2,5,28,28,48,3
[6.79 7.11 0.59],17248,8112,8470,666,8,4,1,3,21,20,30,1
[6.79 7.11 2.24],19461,8346,8416,2699,7,4,2,1,20,20,34,3
[6.79 7.11 4.  ],21390,8034,8563,4793,8,4,2,2,22,19,42,2
[6.79 7.11 6.79],24939,8076,8666,8197,10,4,3,3,27,25,44,1
[6.79 7.11 7.11],24961,8263,8432,8266,10,4,2,4,26,26,42,3
[6.79 7.11 8.09],26096,8104,8377,9615,12,5,2,5,31,27,43,2
[6.79 7.11 8.92],27321,8132,8573,10616,12,4,2,6,30,30,51,3
[6.79 8.09 0.59],18602,8206,9653,743,8,5,2,1,23,22,34,1
[6.79 8.09 2.24],20697,8125,9794,2778,7,4,2,1,20,20,39,3
[6.79 8.09 4.  ],22714,8039,9774,4901,10,5,2,3,27,27,47,3
[6.79 8.09 6.79],26026,8135,9841,8050,10,4,2,4,26,26,43,3
[6.79 8.09 7.11],26364,8051,9696,8617,12,5,2,5,31,27,47,2
[6.79 8.09 8.09],27541,8150,9753,9638,11,4,2,5,28,28,47,3
[6.79 8.09 8.92],28672,8307,9736,10629,11,4,2,5,28,28,45,3
[6.79 8.92 0.59],19654,8245,10696,713,10,7,2,1,29,23,34,2
[6.79 8.92 2.24],21673,8208,10774,2691,10,5,2,3,27,25,45,1
[6.79 8.92 4.  ],23813,8228,10739,4846,9,4,3,2,25,25,47,3
[6.79 8.92 6.79],26971,8011,10755,8205,11,4,2,5,28,28,47,3
[6.79 8.92 7.11],27430,8271,10710,8449,11,4,3,4,29,29,52,3
[6.79 8.92 8.09],28529,7997,10693,9839,13,5,3,5,34,29,48,2
[6.79 8.92 8.92],29681,8337,10621,10723,13,4,3,6,33,33,58,3
[7.11 0.59 0.59],9997,8596,684,717,6,4,1,1,17,16,23,1
[7.11 0.59 2.24],11829,8490,665,2674,7,4,2,1,20,15,23,0
[7.11 0.59 4.  ],14240,8622,768,4850,8,5,1,2,22,22,31,3
[7.11 0.59 6.79],17381,8531,680,8170,9,4,1,4,23,20,28,2
[7.11 0.59 7.11],17761,8471,699,8591,9,4,1,4,23,23,33,3
[7.11 0.59 8.09],19148,8589,676,9883,9,4,1,4,23,23,33,3
[7.11 0.59 8.92],19973,8422,741,10810,13,6,1,6,33,28,41,2
[7.11 2.24 0.59],11793,8343,2722,728,6,4,1,1,17,17,23,3
[7.11 2.24 2.24],13897,8568,2630,2699,6,4,1,1,17,17,25,3
[7.11 2.24 4.  ],15984,8529,2621,4834,8,4,1,3,21,21,29,3
[7.11 2.24 6.79],19539,8485,2734,8320,10,4,1,5,25,25,35,3
[7.11 2.24 7.11],19646,8454,2727,8465,9,4,1,4,23,23,32,3
[7.11 2.24 8.09],21137,8660,2750,9727,11,5,1,5,28,28,40,3
[7.11 2.24 8.92],21966,8518,2697,10751,10,4,1,5,25,25,35,3
[7.11 4.   0.59],14022,8629,4720,673,8,5,2,1,23,20,33,2
[7.11 4.   2.24],16212,8637,4802,2773,8,6,1,1,23,19,34,0
[7.11 4.   4.  ],18108,8470,4868,4770,7,4,1,2,19,19,30,3
[7.11 4.   6.79],21480,8562,4739,8179,9,4,1,4,23,23,34,3
[7.11 4.   7.11],22196,8613,4910,8673,13,7,2,4,35,29,47,2
[7.11 4.   8.09],23201,8574,4815,9812,11,4,2,5,28,28,46,3
[7.11 4.   8.92],24388,8574,4810,11004,11,4,1,6,27,27,39,3
[7.11 6.79 0.59],17285,8454,8125,706,7,4,2,1,20,17,32,2
[7.11 6.79 2.24],19464,8549,8176,2739,7,4,2,1,20,20,38,3
[7.11 6.79 4.  ],21596,8524,8178,4894,8,4,2,2,22,22,41,3
[7.11 6.79 6.79],24903,8570,8187,8146,11,5,2,4,29,25,43,2
[7.11 6.79 7.11],25214,8624,8135,8455,10,4,2,4,26,23,41,2
[7.11 6.79 8.09],26545,8562,8230,9753,11,4,2,5,28,28,46,3
[7.11 6.79 8.92],27252,8443,8084,10725,11,5,1,5,28,28,44,3
[7.11 7.11 0.59],17947,8684,8522,741,7,4,2,1,20,20,33,3
[7.11 7.11 2.24],19539,8503,8346,2690,7,4,2,1,20,17,34,2
[7.11 7.11 4.  ],22009,8577,8600,4832,10,6,2,2,28,23,39,2
[7.11 7.11 6.79],24931,8484,8399,8048,10,4,3,3,27,24,42,1
[7.11 7.11 7.11],25596,8497,8636,8463,10,4,2,4,26,26,42,3
[7.11 7.11 8.09],26646,8466,8563,9617,12,5,2,5,31,31,52,3
[7.11 7.11 8.92],27714,8351,8442,10921,12,4,2,6,30,30,50,3
[7.11 8.09 0.59],19015,8479,9827,709,7,4,2,1,20,20,33,3
[7.11 8.09 2.24],21260,8623,9906,2731,9,5,3,1,26,26,48,3
[7.11 8.09 4.  ],23005,8535,9798,4672,9,4,2,3,24,22,35,1
[7.11 8.09 6.79],26360,8604,9663,8093,10,5,2,3,27,27,47,3
[7.11 8.09 7.11],26772,8635,9638,8499,10,4,3,3,27,25,41,1
[7.11 8.09 8.09],28210,8559,9876,9775,11,4,2,5,28,28,50,3
[7.11 8.09 8.92],29033,8546,9701,10786,12,5,2,5,31,28,51,2
[7.11 8.92 0.59],19876,8476,10665,735,9,6,2,1,26,20,32,2
[7.11 8.92 2.24],21800,8468,10647,2685,8,4,3,1,23,23,44,3
[7.11 8.92 4.  ],24006,8550,10661,4795,8,4,2,2,22,22,40,3
[7.11 8.92 6.79],27246,8378,10733,8135,11,4,3,4,29,29,53,3
[7.11 8.92 7.11],27788,8455,10819,8514,12,4,3,5,31,31,55,3
[7.11 8.92 8.09],28942,8510,10748,9684,11,5,2,4,29,29,48,3
[7.11 8.92 8.92],30196,8713,10905,10578,12,4,3,5,31,31,55,3
[8.09 0.59 0.59],11115,9706,717,692,7,5,1,1,20,17,27,2
[8.09 0.59 2.24],13061,9726,697,2638,7,4,1,2,19,17,24,2
[8.09 0.59 4.  ],15251,9763,719,4769,7,5,0,2,19,17,27,2
[8.09 0.59 6.79],18478,9596,744,8138,9,4,1,4,23,23,33,3
[8.09 0.59 7.11],19042,9760,678,8604,11,5,1,5,28,28,41,3
[8.09 0.59 8.09],20179,9796,712,9671,9,4,1,4,23,23,33,3
[8.09 0.59 8.92],21250,9798,709,10743,10,4,1,5,25,23,35,2
[8.09 2.24 0.59],13118,9685,2723,710,7,5,1,1,20,17,23,2
[8.09 2.24 2.24],15017,9680,2646,2691,6,4,1,1,17,15,22,2
[8.09 2.24 4.  ],17201,9780,2688,4733,7,4,1,2,19,19,27,3
[8.09 2.24 6.79],20542,9678,2691,8173,10,5,1,4,26,26,37,3
[8.09 2.24 7.11],20817,9610,2684,8523,11,5,1,5,28,28,40,3
[8.09 2.24 8.09],22113,9839,2632,9642,11,5,1,5,28,28,40,3
[8.09 2.24 8.92],23012,9719,2751,10542,11,5,1,5,28,28,40,3
[8.09 4.   0.59],15235,9719,4811,705,7,5,1,1,20,20,28,3
[8.09 4.   2.24],17314,9885,4793,2636,9,7,1,1,26,21,33,2
[8.09 4.   4.  ],19109,9517,4900,4692,10,5,3,2,28,26,36,1
[8.09 4.   6.79],22723,9665,4829,8229,10,5,1,4,26,26,37,3
[8.09 4.   7.11],23140,9839,4883,8418,10,5,1,4,26,23,39,2
[8.09 4.   8.09],23962,9635,4618,9709,11,5,1,5,28,28,40,3
[8.09 4.   8.92],25177,9726,4759,10692,11,5,1,5,28,28,43,3
[8.09 6.79 0.59],18442,9658,8084,700,7,5,1,1,20,20,28,1
[8.09 6.79 2.24],20368,9498,8132,2738,7,4,2,1,20,17,33,2
[8.09 6.79 4.  ],22616,9687,8155,4774,9,5,2,2,25,25,43,3
[8.09 6.79 6.79],26028,9772,8040,8216,10,4,2,4,26,24,40,2
[8.09 6.79 7.11],26208,9654,7989,8565,11,5,2,4,29,29,52,3
[8.09 6.79 8.09],27587,9687,8174,9726,14,7,2,5,37,31,53,2
[8.09 6.79 8.92],28743,9723,8076,10944,12,5,2,5,31,31,54,3
[8.09 7.11 0.59],19199,9823,8669,707,8,5,2,1,23,23,41,3
[8.09 7.11 2.24],21004,9676,8640,2688,8,5,2,1,23,23,40,3
[8.09 7.11 4.  ],23003,9632,8588,4783,9,5,1,3,24,23,37,1
[8.09 7.11 6.79],26467,9808,8507,8152,13,6,3,4,35,35,62,3
[8.09 7.11 7.11],26743,9651,8513,8579,13,5,4,4,35,32,52,1
[8.09 7.11 8.09],27642,9555,8478,9609,12,5,2,5,31,26,48,2
[8.09 7.11 8.92],28858,9665,8395,10798,11,5,1,5,28,28,47,3
[8.09 8.09 0.59],20104,9725,9715,664,9,7,1,1,26,21,31,2
[8.09 8.09 2.24],22159,9721,9790,2648,10,5,3,2,28,26,42,1
[8.09 8.09 4.  ],24299,9768,9711,4820,10,6,1,3,27,24,41,2
[8.09 8.09 6.79],27610,9673,9844,8093,12,5,3,4,32,32,59,3
[8.09 8.09 7.11],27967,9799,9641,8527,12,4,3,5,31,31,58,3
[8.09 8.09 8.09],29102,9655,9727,9720,14,7,2,5,37,32,58,2
[8.09 8.09 8.92],29850,9639,9595,10616,13,5,2,6,33,33,59,3
[8.09 8.92 0.59],21197,9710,10762,725,8,5,2,1,23,23,40,3
[8.09 8.92 2.24],22742,9510,10563,2669,9,5,3,1,26,26,50,3
[8.09 8.92 4.  ],25486,9915,10613,4958,9,5,2,2,25,21,46,2
[8.09 8.92 6.79],28436,9584,10731,8121,11,4,3,4,29,29,53,3
[8.09 8.92 7.11],29221,9835,10700,8686,12,6,2,4,32,32,59,3
[8.09 8.92 8.09],30139,9696,10762,9681,12,5,2,5,31,31,52,3
[8.09 8.92 8.92],31073,9601,10734,10738,14,5,3,6,36,36,63,3
[8.92 0.59 0.59],12135,10739,689,707,7,5,1,1,20,19,27,1
[8.92 0.59 2.24],14051,10630,731,2690,7,5,1,1,20,17,29,2
[8.92 0.59 4.  ],16368,10767,689,4912,9,5,1,3,24,24,35,3
[8.92 0.59 6.79],19755,10858,725,8172,10,5,1,4,26,26,37,3
[8.92 0.59 7.11],20029,10707,696,8626,11,5,1,5,28,28,40,3
[8.92 0.59 8.09],20994,10598,706,9690,10,6,0,4,26,22,38,2
[8.92 0.59 8.92],22163,10756,717,10690,11,5,1,5,28,25,42,2
[8.92 2.24 0.59],14112,10678,2677,757,7,5,1,1,20,20,28,1
[8.92 2.24 2.24],16277,10887,2718,2672,7,5,1,1,20,20,28,3
[8.92 2.24 4.  ],18181,10684,2655,4842,10,6,1,3,27,23,36,2
[8.92 2.24 6.79],21539,10684,2671,8184,10,5,1,4,26,26,37,3
[8.92 2.24 7.11],21778,10677,2633,8468,10,5,1,4,26,26,37,3
[8.92 2.24 8.09],22915,10583,2682,9650,11,5,1,5,28,25,41,2
[8.92 2.24 8.92],24285,10868,2707,10710,12,5,1,6,30,30,43,3
[8.92 4.   0.59],16095,10581,4792,722,8,6,1,1,23,18,33,2
[8.92 4.   2.24],18395,10890,4812,2693,8,5,2,1,23,23,39,3
[8.92 4.   4.  ],20343,10774,4836,4733,9,5,1,3,24,24,35,3
[8.92 4.   6.79],23551,10539,4763,8249,10,5,1,4,26,26,39,3
[8.92 4.   7.11],23980,10647,4786,8547,10,5,1,4,26,24,40,2
[8.92 4.   8.09],25300,10729,4905,9666,14,7,2,5,37,31,50,2
[8.92 4.   8.92],26100,10648,4707,10745,13,6,2,5,34,34,55,3
[8.92 6.79 0.59],19540,10760,8066,714,8,5,1,2,22,21,36,1
[8.92 6.79 2.24],21743,10928,8052,2763,9,6,2,1,26,26,44,3
[8.92 6.79 4.  ],23543,10708,8003,4832,10,6,2,2,28,25,43,2
[8.92 6.79 6.79],26881,10616,8067,8198,11,6,2,3,30,30,53,3
[8.92 6.79 7.11],27410,10748,8185,8477,12,6,2,4,32,27,53,2
[8.92 6.79 8.09],28753,10852,8151,9750,13,6,2,5,34,34,56,3
[8.92 6.79 8.92],29745,10730,8320,10695,12,5,2,5,31,31,51,3
[8.92 7.11 0.59],19845,10678,8477,690,10,7,2,1,29,24,46,2
[8.92 7.11 2.24],22090,10738,8624,2728,10,5,3,2,28,25,41,1
[8.92 7.11 4.  ],23933,10724,8373,4836,10,5,2,3,27,27,47,3
[8.92 7.11 6.79],27358,10729,8536,8093,11,5,2,4,29,29,48,3
[8.92 7.11 7.11],27728,10693,8537,8498,11,5,2,4,29,29,48,3
[8.92 7.11 8.09],28764,10714,8420,9630,12,5,2,5,31,31,50,3
[8.92 7.11 8.92],29960,10743,8528,10689,12,5,2,5,31,31,51,3
[8.92 8.09 0.59],21149,10701,9738,710,8,5,2,1,23,23,39,3
[8.92 8.09 2.24],23016,10712,9644,2660,9,5,3,1,26,24,35,1
[8.92 8.09 4.  ],25094,10726,9575,4793,11,5,4,2,31,27,43,1
[8.92 8.09 6.79],28609,10675,9797,8137,11,5,2,4,29,29,53,3
[8.92 8.09 7.11],28510,10535,9636,8339,11,5,2,4,29,29,47,3
[8.92 8.09 8.09],30168,10807,9740,9621,13,6,2,5,34,34,56,3
[8.92 8.09 8.92],30811,10550,9557,10704,13,5,2,6,33,33,56,3
[8.92 8.92 0.59],22067,10552,10832,683,11,5,3,3,30,27,43,1
[8.92 8.92 2.24],24106,10705,10691,2710,10,5,4,1,29,26,44,1
[8.92 8.92 4.  ],26222,10543,10721,4958,11,5,3,3,30,30,54,3
[8.92 8.92 6.79],29573,10581,10833,8159,13,7,2,4,35,29,53,2
[8.92 8.92 7.11],29786,10566,10693,8527,11,5,2,4,29,29,54,3
[8.92 8.92 8.09],30920,10606,10742,9572,11,4,3,4,29,25,53,2
[8.92 8.92 8.92],31971,10566,10636,10769,13,5,3,5,34,34,61,3
[0.59 0.59 0.59],2122,692,726,704,3,1,1,1,8,6,6,0
[0.59 0.59 2.24],4039,662,720,2657,3,1,1,1,8,7,7,2
[0.59 0.59 4.  ],6180,682,686,4812,5,1,1,3,12,11,13,2
[0.59 2.24 0.59],4120,772,2611,737,3,1,1,1,8,6,6,0
[0.59 2.24 2.24],6138,752,2734,2652,3,1,1,1,8,7,9,2
[0.59 2.24 4.  ],8118,700,2665,4753,4,1,1,2,10,9,10,2
[0.59 4.   0.59],6083,679,4692,712,4,1,2,1,11,10,12,1
[0.59 4.   2.24],8310,735,4833,2742,3,1,1,1,8,7,7,2
[0.59 4.   4.  ],10433,719,4873,4841,5,1,1,3,12,11,16,2
[2.24 0.59 0.59],4020,2620,683,717,4,2,1,1,11,9,10,0
[2.24 0.59 2.24],6179,2727,705,2747,3,1,1,1,8,8,8,3
[2.24 0.59 4.  ],8195,2681,667,4847,4,1,1,2,10,9,10,2
[2.24 2.24 0.59],6227,2779,2728,720,3,1,1,1,8,7,8,0
[2.24 2.24 2.24],8172,2658,2768,2746,3,1,1,1,8,7,7,2
[2.24 2.24 4.  ],10170,2618,2784,4768,4,1,1,2,10,10,12,2
[2.24 4.   0.59],8185,2675,4807,703,6,2,2,2,16,14,17,1
[2.24 4.   2.24],10156,2712,4749,2695,3,1,1,1,8,7,10,2
[2.24 4.   4.  ],12039,2702,4687,4650,4,1,1,2,10,10,16,3
[4.   0.59 0.59],6226,4822,719,685,4,2,1,1,11,8,13,0
[4.   0.59 2.24],8315,4881,734,2700,4,2,1,1,11,9,13,2
[4.   0.59 4.  ],10212,4713,715,4784,5,2,1,2,13,13,16,3
[4.   2.24 0.59],8214,4743,2735,736,4,2,1,1,11,9,10,2
[4.   2.24 2.24],10348,5000,2729,2619,5,2,1,2,13,13,18,3
[4.   2.24 4.  ],12276,4817,2663,4796,6,3,1,2,16,16,22,3
[4.   4.   0.59],10459,4886,4863,710,5,3,1,1,14,13,17,1
[4.   4.   2.24],12263,4805,4763,2695,5,3,1,1,14,12,18,2
[4 4 4],14314,4838,4788,4688,6,3,1,2,16,14,20,2
[0.59 0.59 0.59],2149,726,712,711,4,1,2,1,11,7,7,0
[0.59 0.59 2.24],4152,715,713,2724,3,1,1,1,8,7,7,2
[0.59 0.59 4.  ],6179,690,692,4797,4,1,1,2,10,9,11,2
[0.59 2.24 0.59],4037,727,2619,691,3,1,1,1,8,6,6,0
[0.59 2.24 2.24],6060,752,2676,2632,3,1,1,1,8,7,7,2
[0.59 2.24 4.  ],8228,753,2715,4760,4,1,1,2,10,9,10,2
[0.59 4.   0.59],6166,699,4751,716,3,1,1,1,8,7,8,2
[0.59 4.   2.24],8366,767,4894,2705,5,1,3,1,14,12,15,1
[0.59 4.   4.  ],10203,685,4833,4685,4,1,1,2,10,9,10,2
[2.24 0.59 0.59],4105,2691,719,695,3,1,1,1,8,7,7,1
[2.24 0.59 2.24],6034,2672,720,2642,4,1,1,2,10,10,11,3
[2.24 0.59 4.  ],8226,2694,719,4813,5,1,1,3,12,11,13,2
[2.24 2.24 0.59],6170,2710,2736,724,3,1,1,1,8,8,8,3
[2.24 2.24 2.24],8098,2698,2664,2736,3,1,1,1,8,8,8,3
[2.24 2.24 4.  ],10156,2660,2752,4744,6,3,1,2,16,13,14,2
[2.24 4.   0.59],8229,2689,4825,715,4,2,1,1,11,9,10,2
[2.24 4.   2.24],10082,2691,4741,2650,3,1,1,1,8,8,9,3
[2.24 4.   4.  ],12460,2731,4899,4830,5,1,2,2,13,11,17,1
[4.   0.59 0.59],6189,4824,693,672,5,4,0,1,14,11,15,2
[4.   0.59 2.24],8152,4753,712,2687,4,2,1,1,11,11,15,3
[4.   0.59 4.  ],10348,4864,699,4785,6,3,1,2,16,13,20,2
[4.   2.24 0.59],8182,4782,2680,720,4,2,1,1,11,9,12,0
[4.   2.24 2.24],10167,4838,2665,2664,5,3,1,1,14,12,16,2
[4.   2.24 4.  ],12422,4882,2736,4804,7,3,1,3,18,16,22,2
[4.   4.   0.59],10169,4714,4663,792,4,2,1,1,11,11,16,1
[4.   4.   2.24],12210,4789,4763,2658,4,2,1,1,11,11,16,3
[4 4 4],14397,4757,4842,4798,5,2,1,2,13,13,20,3
[0.59 0.59 0.59],2135,698,721,716,2,1,0,1,5,5,5,2
[0.59 0.59 2.24],4135,704,725,2706,4,1,2,1,11,7,9,0
[0.59 0.59 4.  ],6248,722,737,4789,4,1,1,2,10,9,11,2
[0.59 2.24 0.59],4088,726,2653,709,3,1,1,1,8,7,8,2
[0.59 2.24 2.24],6131,716,2695,2720,4,1,1,2,10,9,10,2
[0.59 2.24 4.  ],8146,697,2696,4753,4,1,1,2,10,9,10,2
[0.59 4.   0.59],6316,665,4978,673,3,1,1,1,8,7,11,2
[0.59 4.   2.24],8121,724,4754,2643,3,1,1,1,8,7,9,2
[0.59 4.   4.  ],10223,723,4720,4780,5,1,2,2,13,11,19,2
[2.24 0.59 0.59],4118,2675,688,755,3,1,1,1,8,6,7,0
[2.24 0.59 2.24],6115,2760,728,2627,3,1,1,1,8,7,7,2
[2.24 0.59 4.  ],8135,2632,736,4767,4,1,1,2,10,9,10,2
[2.24 2.24 0.59],5992,2596,2665,731,3,1,1,1,8,8,9,3
[2.24 2.24 2.24],7924,2587,2633,2704,4,1,1,2,10,10,12,3
[2.24 2.24 4.  ],10197,2698,2639,4860,4,1,1,2,10,10,11,3
[2.24 4.   0.59],8231,2719,4793,719,3,1,1,1,8,7,7,1
[2.24 4.   2.24],10087,2707,4749,2631,4,1,2,1,11,10,12,1
[2.24 4.   4.  ],12265,2632,4796,4837,7,2,2,3,18,15,29,2
[4.   0.59 0.59],6188,4785,694,709,4,2,1,1,11,8,10,0
[4.   0.59 2.24],8178,4745,748,2685,4,2,1,1,11,11,13,3
[4.   0.59 4.  ],10425,4895,714,4816,6,2,1,3,15,15,19,3
[4.   2.24 0.59],8259,4809,2742,708,5,3,1,1,14,13,18,1
[4.   2.24 2.24],10097,4800,2651,2646,4,2,1,1,11,11,15,3
[4.   2.24 4.  ],12328,4907,2636,4785,5,2,1,2,13,13,16,3
[4.   4.   0.59],10155,4830,4608,717,5,3,1,1,14,11,18,0
[4.   4.   2.24],12401,4825,4915,2661,5,3,1,1,14,12,18,2
[4 4 4],14335,4651,4782,4902,7,3,1,3,18,16,21,2
[0.59 0.59 0.59],2176,723,729,724,2,1,0,1,5,5,5,0
[0.59 0.59 2.24],4211,758,710,2743,3,1,1,1,8,7,7,2
[0.59 0.59 4.  ],6350,742,722,4886,4,1,1,2,10,9,10,2
[0.59 2.24 0.59],3988,687,2611,690,3,1,1,1,8,7,10,2
[0.59 2.24 2.24],6214,748,2738,2728,3,1,1,1,8,7,7,2
[0.59 2.24 4.  ],8105,709,2657,4739,5,1,1,3,12,11,13,2
[0.59 4.   0.59],6224,755,4706,763,5,1,2,2,13,9,9,0
[0.59 4.   2.24],7967,743,4628,2596,3,1,1,1,8,7,8,2
[0.59 4.   4.  ],10322,708,4732,4882,4,1,1,2,10,9,10,2
[2.24 0.59 0.59],4170,2749,750,671,3,1,1,1,8,6,6,0
[2.24 0.59 2.24],6145,2717,740,2688,3,1,1,1,8,7,9,2
[2.24 0.59 4.  ],7942,2525,703,4714,4,1,1,2,10,10,11,3
[2.24 2.24 0.59],6033,2693,2636,704,3,1,1,1,8,7,7,1
[2.24 2.24 2.24],8001,2679,2685,2637,3,1,1,1,8,7,8,2
[2.24 2.24 4.  ],10255,2643,2768,4844,6,2,1,3,15,15,19,3
[2.24 4.   0.59],8170,2640,4799,731,2,1,0,1,5,5,5,3
[2.24 4.   2.24],10153,2699,4784,2670,4,1,2,1,11,10,10,1
[2.24 4.   4.  ],12303,2743,4784,4776,4,1,1,2,10,10,15,3
[4.   0.59 0.59],6186,4780,715,691,4,2,1,1,11,10,13,1
[4.   0.59 2.24],8182,4804,685,2693,5,3,1,1,14,12,16,2
[4.   0.59 4.  ],10310,4899,701,4710,6,2,1,3,15,13,19,2
[4.   2.24 0.59],8212,4849,2662,701,5,3,1,1,14,12,16,2
[4.   2.24 2.24],10121,4812,2672,2637,5,3,1,1,14,14,18,3
[4.   2.24 4.  ],12261,4901,2684,4676,6,3,1,2,16,14,19,2
[4.   4.   0.59],10492,4873,4894,725,4,2,1,1,11,11,17,1
[4.   4.   2.24],12221,4795,4791,2635,4,2,1,1,11,11,19,3
[4 4 4],14425,4879,4805,4741,6,3,1,2,16,14,24,2
[0.59 0.59 0.59],2011,701,692,618,3,1,1,1,8,6,6,0
[0.59 0.59 2.24],4078,720,676,2682,3,1,1,1,8,7,7,2
[0.59 0.59 4.  ],6270,704,694,4872,4,1,1,2,10,9,10,2
[0.59 2.24 0.59],4158,704,2744,710,3,1,1,1,8,6,6,0
[0.59 2.24 2.24],6009,650,2657,2702,4,1,1,2,10,9,10,2
[0.59 2.24 4.  ],8281,645,2698,4938,5,1,1,3,12,11,13,2
[0.59 4.   0.59],6222,696,4798,728,3,1,1,1,8,8,12,1
[0.59 4.   2.24],8117,714,4786,2617,4,1,1,2,10,10,16,3
[0.59 4.   4.  ],10298,721,4835,4742,4,1,1,2,10,9,10,2
[2.24 0.59 0.59],4128,2745,693,690,3,1,1,1,8,6,6,0
[2.24 0.59 2.24],6095,2709,667,2719,4,1,1,2,10,10,11,3
[2.24 0.59 4.  ],8241,2683,699,4859,4,1,1,2,10,9,11,2
[2.24 2.24 0.59],6103,2660,2772,671,3,1,1,1,8,7,7,2
[2.24 2.24 2.24],8086,2755,2672,2659,3,1,1,1,8,7,8,2
[2.24 2.24 4.  ],10080,2676,2696,4708,7,3,1,3,18,15,19,2
[2.24 4.   0.59],8048,2620,4726,702,4,2,1,1,11,9,12,2
[2.24 4.   2.24],10120,2692,4764,2664,3,1,1,1,8,8,12,3
[2.24 4.   4.  ],12253,2660,4706,4887,6,2,2,2,16,16,27,3
[4.   0.59 0.59],6245,4803,706,736,3,1,1,1,8,6,7,0
[4.   0.59 2.24],8185,4725,717,2743,4,2,1,1,11,11,13,3
[4.   0.59 4.  ],10369,4794,684,4891,5,2,1,2,13,13,18,3
[4.   2.24 0.59],8340,4825,2770,745,5,3,1,1,14,11,15,0
[4.   2.24 2.24],10231,4801,2740,2690,5,3,1,1,14,12,17,2
[4.   2.24 4.  ],12257,4711,2746,4800,5,2,1,2,13,13,17,3
[4.   4.   0.59],10302,4792,4812,698,4,2,1,1,11,11,14,3
[4.   4.   2.24],12504,4775,4911,2818,6,2,2,2,16,14,24,1
[4 4 4],14526,4747,4860,4919,7,3,1,3,18,16,22,2
[0.59 0.59 0.59],2075,721,700,654,3,1,1,1,8,6,6,0
[0.59 0.59 2.24],4292,744,787,2761,3,1,1,1,8,7,7,2
[0.59 0.59 4.  ],6129,684,695,4750,4,1,1,2,10,9,10,2
[0.59 2.24 0.59],4076,696,2700,680,3,1,1,1,8,6,6,0
[0.59 2.24 2.24],5973,728,2590,2655,3,1,1,1,8,7,7,2
[0.59 2.24 4.  ],8107,710,2604,4793,4,1,1,2,10,9,11,2
[0.59 4.   0.59],6183,726,4761,696,3,1,0,2,7,7,7,1
[0.59 4.   2.24],8128,720,4779,2629,4,2,1,1,11,8,12,0
[0.59 4.   4.  ],10292,719,4811,4762,6,1,2,3,15,13,22,2
[2.24 0.59 0.59],4116,2678,692,746,3,1,1,1,8,7,7,1
[2.24 0.59 2.24],6176,2731,694,2751,3,1,1,1,8,8,8,3
[2.24 0.59 4.  ],8168,2649,692,4827,6,2,1,3,15,15,19,3
[2.24 2.24 0.59],6109,2736,2665,708,3,1,1,1,8,7,7,2
[2.24 2.24 2.24],8153,2710,2799,2644,3,1,1,1,8,8,8,3
[2.24 2.24 4.  ],10143,2674,2739,4730,4,1,1,2,10,9,11,2
[2.24 4.   0.59],8211,2755,4792,664,4,1,1,2,10,9,10,1
[2.24 4.   2.24],10197,2701,4777,2719,4,1,1,2,10,9,15,1
[2.24 4.   4.  ],12271,2663,4852,4756,4,1,1,2,10,10,13,3
[4.   0.59 0.59],6203,4819,708,676,4,2,1,1,11,10,12,2
[4.   0.59 2.24],8178,4795,710,2673,3,2,0,1,8,8,10,2
[4.   0.59 4.  ],10332,4749,747,4836,6,2,1,3,15,13,20,2
[4.   2.24 0.59],8140,4799,2641,700,4,2,1,1,11,11,15,3
[4.   2.24 2.24],10259,4914,2661,2684,4,2,1,1,11,11,13,3
[4.   2.24 4.  ],12252,4853,2649,4750,5,2,1,2,13,11,14,2
[4.   4.   0.59],10393,4874,4826,693,4,2,1,1,11,11,13,3
[4.   4.   2.24],12379,4796,4860,2723,6,3,2,1,17,12,17,0
[4 4 4],14604,4822,4929,4853,6,3,1,2,16,14,22,0
[0.59 0.59 0.59],2100,723,668,709,3,1,1,1,8,6,6,0
[0.59 0.59 2.24],4098,690,733,2675,3,1,1,1,8,7,7,2
[0.59 0.59 4.  ],6238,718,780,4740,3,1,0,2,7,7,8,2
[0.59 2.24 0.59],3995,690,2635,670,3,1,1,1,8,7,7,2
[0.59 2.24 2.24],5988,740,2579,2669,3,1,1,1,8,7,7,2
[0.59 2.24 4.  ],8071,673,2727,4671,4,1,1,2,10,9,10,2
[0.59 4.   0.59],6279,713,4853,713,3,1,1,1,8,7,8,2
[0.59 4.   2.24],8263,695,4810,2758,3,1,1,1,8,7,7,2
[0.59 4.   4.  ],10489,736,4961,4792,4,1,1,2,10,9,13,2
[2.24 0.59 0.59],4160,2734,696,730,3,1,1,1,8,7,7,1
[2.24 0.59 2.24],5861,2629,663,2569,4,2,1,1,11,9,11,2
[2.24 0.59 4.  ],8023,2640,712,4671,5,2,1,2,13,11,14,2
[2.24 2.24 0.59],6030,2651,2653,726,4,2,1,1,11,9,12,2
[2.24 2.24 2.24],7836,2616,2618,2602,5,2,1,2,13,10,15,0
[2.24 2.24 4.  ],10127,2696,2624,4807,5,1,1,3,12,12,14,3
[2.24 4.   0.59],8298,2726,4828,744,3,1,1,1,8,8,8,3
[2.24 4.   2.24],10091,2661,4727,2703,5,2,1,2,13,11,14,2
[2.24 4.   4.  ],12183,2707,4702,4774,5,1,2,2,13,13,21,3
[4.   0.59 0.59],6245,4818,697,730,5,3,1,1,14,10,12,0
[4.   0.59 2.24],8262,4860,706,2696,5,3,1,1,14,11,18,2
[4.   0.59 4.  ],10370,4885,709,4776,5,2,1,2,13,13,16,3
[4.   2.24 0.59],8351,4874,2722,755,4,2,1,1,11,10,12,1
[4.   2.24 2.24],10212,4803,2673,2736,6,3,1,2,16,12,18,0
[4.   2.24 4.  ],12407,4860,2685,4862,6,3,1,2,16,16,21,3
[4.   4.   0.59],10493,4888,4895,710,4,2,1,1,11,10,13,1
[4.   4.   2.24],12360,4902,4793,2665,4,2,1,1,11,11,19,3
[4 4 4],14525,4852,4795,4878,6,3,1,2,16,16,27,3
[0.59 0.59 0.59],2133,720,679,734,3,1,1,1,8,6,6,0
[0.59 0.59 2.24],4136,735,730,2671,3,1,1,1,8,7,7,2
[0.59 0.59 4.  ],6378,716,717,4945,5,1,1,3,12,11,13,2
[0.59 2.24 0.59],4076,724,2630,722,2,1,0,1,5,5,5,2
[0.59 2.24 2.24],6143,666,2666,2811,4,1,1,2,10,9,10,2
[0.59 2.24 4.  ],8111,700,2631,4780,4,1,1,2,10,9,10,2
[0.59 4.   0.59],6380,754,4899,727,3,1,1,1,8,8,9,1
[0.59 4.   2.24],8313,733,4873,2707,5,1,2,2,13,11,12,1
[0.59 4.   4.  ],10221,724,4756,4741,4,1,1,2,10,9,12,2
[2.24 0.59 0.59],4131,2729,695,707,3,1,1,1,8,7,7,1
[2.24 0.59 2.24],6014,2607,675,2732,4,2,1,1,11,10,11,2
[2.24 0.59 4.  ],8281,2703,748,4830,5,1,1,3,12,12,14,3
[2.24 2.24 0.59],6135,2644,2732,759,3,1,1,1,8,8,8,3
[2.24 2.24 2.24],8176,2738,2747,2691,3,1,1,1,8,8,9,3
[2.24 2.24 4.  ],10087,2709,2712,4666,4,1,1,2,10,10,11,1
[2.24 4.   0.59],8123,2643,4801,679,5,2,1,2,13,10,16,0
[2.24 4.   2.24],10209,2741,4680,2788,3,1,1,1,8,8,10,1
[2.24 4.   4.  ],12362,2744,4800,4818,5,1,2,2,13,13,21,3
[4.   0.59 0.59],6116,4704,727,685,3,2,0,1,8,8,10,3
[4.   0.59 2.24],8249,4877,709,2663,5,3,1,1,14,12,16,2
[4.   0.59 4.  ],10341,4846,708,4787,6,3,1,2,16,14,20,2
[4.   2.24 0.59],8231,4922,2627,682,4,2,1,1,11,11,13,3
[4.   2.24 2.24],10114,4661,2772,2681,4,2,1,1,11,11,13,3
[4.   2.24 4.  ],12448,4790,2708,4950,5,2,1,2,13,11,17,2
[4.   4.   0.59],10201,4668,4851,682,4,2,1,1,11,11,14,3
[4.   4.   2.24],12344,4790,4839,2715,5,2,1,2,13,13,18,3
[4 4 4],14438,4961,4703,4774,7,4,1,2,19,16,24,2
[0.59 0.59 0.59],2100,678,713,709,3,1,1,1,8,6,6,0
[0.59 0.59 2.24],4181,720,726,2735,4,1,1,2,10,9,10,2
[0.59 0.59 4.  ],6122,679,691,4752,4,1,1,2,10,9,10,2
[0.59 2.24 0.59],4124,735,2685,704,3,1,1,1,8,6,7,0
[0.59 2.24 2.24],5868,725,2554,2589,3,1,1,1,8,7,8,2
[0.59 2.24 4.  ],8402,711,2728,4963,4,1,1,2,10,9,10,2
[0.59 4.   0.59],6441,718,5009,714,3,1,1,1,8,8,9,1
[0.59 4.   2.24],8312,692,4851,2769,3,1,1,1,8,7,8,2
[0.59 4.   4.  ],10110,748,4626,4736,5,1,1,3,12,12,14,3
[2.24 0.59 0.59],4053,2660,678,715,3,1,1,1,8,6,7,0
[2.24 0.59 2.24],6082,2675,727,2680,5,3,1,1,14,11,12,2
[2.24 0.59 4.  ],8136,2698,703,4735,4,1,1,2,10,9,11,2
[2.24 2.24 0.59],6019,2647,2662,710,4,2,1,1,11,8,9,0
[2.24 2.24 2.24],8063,2631,2729,2703,5,2,1,2,13,10,12,0
[2.24 2.24 4.  ],10222,2618,2674,4930,6,2,1,3,15,13,17,2
[2.24 4.   0.59],8167,2647,4773,747,4,2,1,1,11,9,16,2
[2.24 4.   2.24],10144,2727,4744,2673,3,1,1,1,8,8,9,3
[2.24 4.   4.  ],12143,2602,4740,4801,6,2,1,3,15,13,17,2
[4.   0.59 0.59],6196,4780,726,690,4,2,1,1,11,8,12,0
[4.   0.59 2.24],8122,4741,703,2678,4,2,1,1,11,9,11,2
[4.   0.59 4.  ],10320,4805,730,4785,6,3,1,2,16,13,19,2
[4.   2.24 0.59],8187,4745,2712,730,4,2,1,1,11,10,12,1
[4.   2.24 2.24],10171,4819,2662,2690,5,3,1,1,14,12,16,2
[4.   2.24 4.  ],12233,4734,2670,4829,6,2,1,3,15,15,19,3
[4.   4.   0.59],10308,4843,4774,691,4,2,1,1,11,11,17,3
[4.   4.   2.24],12600,4897,4906,2797,5,2,2,1,14,13,17,1
[4 4 4],14362,4793,4771,4798,5,2,1,2,13,13,21,3
[0.59 0.59 0.59],2115,683,729,703,3,1,1,1,8,6,6,0
[0.59 0.59 2.24],3993,691,692,2610,4,1,2,1,11,7,10,0
[0.59 0.59 4.  ],6197,685,777,4735,5,1,1,3,12,11,13,2
[0.59 2.24 0.59],4048,695,2643,710,3,1,1,1,8,7,7,2
[0.59 2.24 2.24],6118,716,2693,2709,3,1,1,1,8,8,8,1
[0.59 2.24 4.  ],8297,694,2660,4943,5,1,1,3,12,11,13,2
[0.59 4.   0.59],6222,705,4827,690,3,1,1,1,8,7,7,2
[0.59 4.   2.24],8254,710,4852,2692,3,1,1,1,8,7,10,2
[0.59 4.   4.  ],10390,713,4787,4890,4,1,1,2,10,9,16,2
[2.24 0.59 0.59],4223,2806,706,711,3,1,1,1,8,7,7,2
[2.24 0.59 2.24],6173,2784,693,2696,3,1,1,1,8,7,10,1
[2.24 0.59 4.  ],8165,2692,718,4755,4,1,1,2,10,9,10,2
[2.24 2.24 0.59],6076,2727,2659,690,3,1,1,1,8,8,8,3
[2.24 2.24 2.24],7966,2674,2651,2641,3,1,1,1,8,8,9,3
[2.24 2.24 4.  ],10155,2659,2632,4864,6,2,1,3,15,15,19,3
[2.24 4.   0.59],8190,2642,4808,740,5,2,2,1,14,11,17,2
[2.24 4.   2.24],10054,2636,4698,2720,5,2,1,2,13,11,12,2
[2.24 4.   4.  ],12172,2655,4758,4759,5,2,1,2,13,11,16,2
[4.   0.59 0.59],6175,4779,686,710,4,2,1,1,11,8,12,0
[4.   0.59 2.24],8163,4690,715,2758,4,2,1,1,11,11,13,3
[4.   0.59 4.  ],10321,4790,695,4836,6,2,1,3,15,15,20,3
[4.   2.24 0.59],8302,4860,2725,717,5,3,1,1,14,14,18,3
[4.   2.24 2.24],10255,4853,2731,2671,5,3,1,1,14,12,16,2
[4.   2.24 4.  ],12342,4764,2662,4916,6,2,1,3,15,15,20,3
[4.   4.   0.59],10339,4812,4774,753,5,3,1,1,14,14,21,3
[4.   4.   2.24],12420,4837,4769,2814,7,4,1,2,19,16,22,2
[4 4 4],14154,4618,4757,4779,6,3,1,2,16,16,24,3
[0.59 0.59 0.59],2089,690,718,681,4,1,2,1,11,7,7,0
[0.59 0.59 2.24],4135,723,720,2692,3,1,1,1,8,7,8,2
[0.59 0.59 4.  ],6156,702,688,4766,4,1,1,2,10,9,10,2
[0.59 2.24 0.59],4042,646,2683,713,3,1,1,1,8,6,7,0
[0.59 2.24 2.24],6165,731,2759,2675,3,1,1,1,8,7,7,2
[0.59 2.24 4.  ],8025,707,2661,4657,4,1,1,2,10,9,10,2
[0.59 4.   0.59],6225,691,4809,725,5,1,2,2,13,9,16,0
[0.59 4.   2.24],8380,769,4830,2781,3,1,1,1,8,7,7,2
[0.59 4.   4.  ],10507,726,4852,4929,5,1,1,3,12,11,14,2
[2.24 0.59 0.59],4064,2648,725,691,3,1,1,1,8,8,8,3
[2.24 0.59 2.24],5989,2646,688,2655,4,2,1,1,11,10,12,2
[2.24 0.59 4.  ],8233,2655,740,4838,6,2,1,3,15,13,18,2
[2.24 2.24 0.59],5971,2569,2729,673,3,1,1,1,8,7,8,1
[2.24 2.24 2.24],7923,2665,2589,2669,3,1,1,1,8,8,8,3
[2.24 2.24 4.  ],10114,2711,2705,4698,4,1,1,2,10,10,12,3
[2.24 4.   0.59],8355,2798,4823,734,3,1,1,1,8,8,10,1
[2.24 4.   2.24],10347,2687,4884,2776,3,1,1,1,8,8,12,3
[2.24 4.   4.  ],12221,2687,4719,4815,5,1,1,3,12,12,14,3
[4.   0.59 0.59],6179,4792,687,700,4,2,1,1,11,10,13,1
[4.   0.59 2.24],8390,4902,727,2761,4,2,1,1,11,11,13,3
[4.   0.59 4.  ],10216,4704,672,4840,5,2,1,2,13,13,16,3
[4.   2.24 0.59],8188,4798,2627,763,4,2,1,1,11,9,14,2
[4.   2.24 2.24],10127,4773,2738,2616,5,2,1,2,13,13,17,3
[4.   2.24 4.  ],12354,4873,2666,4815,6,2,1,3,15,15,19,3
[4.   4.   0.59],10103,4760,4673,670,4,2,1,1,11,11,18,3
[4.   4.   2.24],12440,4855,4862,2723,5,3,1,1,14,14,20,3
[4 4 4],14332,4901,4696,4735,7,2,3,2,19,17,21,1
[0.59 0.59 0.59],2079,714,682,683,3,1,1,1,8,6,6,0
[0.59 0.59 2.24],4132,714,728,2690,3,1,1,1,8,7,8,1
[0.59 0.59 4.  ],6221,691,708,4822,5,1,1,3,12,11,13,2
[0.59 2.24 0.59],4231,750,2753,728,3,1,1,1,8,7,7,2
[0.59 2.24 2.24],5955,682,2710,2563,3,1,1,1,8,7,7,2
[0.59 2.24 4.  ],8213,763,2658,4792,4,1,1,2,10,9,11,2
[0.59 4.   0.59],6159,685,4730,744,3,1,1,1,8,7,7,2
[0.59 4.   2.24],8200,739,4822,2639,3,1,1,1,8,8,8,3
[0.59 4.   4.  ],10194,688,4787,4719,5,1,1,3,12,12,19,3
[2.24 0.59 0.59],4164,2691,728,745,3,1,1,1,8,6,8,0
[2.24 0.59 2.24],6016,2656,721,2639,5,3,1,1,14,11,11,2
[2.24 0.59 4.  ],8216,2668,705,4843,4,1,1,2,10,9,11,2
[2.24 2.24 0.59],6167,2720,2709,738,3,1,1,1,8,8,8,3
[2.24 2.24 2.24],7954,2687,2646,2621,4,1,1,2,10,10,11,3
[2.24 2.24 4.  ],10080,2684,2718,4678,5,2,1,2,13,13,16,3
[2.24 4.   0.59],8207,2789,4682,736,3,1,1,1,8,8,15,3
[2.24 4.   2.24],9957,2569,4791,2597,3,1,1,1,8,8,14,1
[2.24 4.   4.  ],12240,2719,4738,4783,4,1,1,2,10,10,12,3
[4.   0.59 0.59],6238,4875,698,665,3,1,1,1,8,6,7,0
[4.   0.59 2.24],8112,4732,678,2702,5,2,2,1,14,12,15,1
[4.   0.59 4.  ],10347,4826,735,4786,6,3,1,2,16,16,21,3
[4.   2.24 0.59],8248,4807,2688,753,5,3,1,1,14,14,18,3
[4.   2.24 2.24],10123,4662,2770,2691,5,3,1,1,14,11,15,2
[4.   2.24 4.  ],12184,4804,2639,4741,6,3,1,2,16,16,21,3
[4.   4.   0.59],10210,4758,4748,704,4,2,1,1,11,11,15,3
[4.   4.   2.24],12336,4853,4827,2656,5,3,1,1,14,14,19,3
[4 4 4],14414,4833,4739,4842,6,3,1,2,16,16,22,3
[0.59 0.59 0.59],2111,665,720,726,3,1,1,1,8,6,6,0
[0.59 0.59 2.24],4154,714,746,2694,3,1,1,1,8,7,8,2
[0.59 0.59 4.  ],6259,695,725,4839,3,1,0,2,7,7,8,2
[0.59 2.24 0.59],4103,675,2753,675,3,1,1,1,8,7,7,2
[0.59 2.24 2.24],6173,691,2674,2808,4,1,1,2,10,9,10,2
[0.59 2.24 4.  ],8187,727,2690,4770,4,1,1,2,10,9,10,2
[0.59 4.   0.59],6277,718,4804,755,3,1,1,1,8,7,7,2
[0.59 4.   2.24],8407,764,4938,2705,4,1,1,2,10,10,12,3
[0.59 4.   4.  ],10197,733,4696,4768,4,1,1,2,10,9,16,2
[2.24 0.59 0.59],4120,2723,701,696,3,1,1,1,8,7,7,1
[2.24 0.59 2.24],6006,2662,735,2609,3,1,0,2,7,7,8,2
[2.24 0.59 4.  ],8167,2698,717,4752,5,1,1,3,12,12,14,3
[2.24 2.24 0.59],6091,2743,2637,711,3,1,1,1,8,7,8,2
[2.24 2.24 2.24],8019,2600,2685,2734,3,1,1,1,8,7,12,1
[2.24 2.24 4.  ],10216,2711,2639,4866,4,1,1,2,10,10,11,3
[2.24 4.   0.59],8183,2718,4810,655,5,1,2,2,13,11,18,1
[2.24 4.   2.24],10272,2765,4802,2705,5,1,2,2,13,11,19,1
[2.24 4.   4.  ],12310,2778,4705,4827,5,1,1,3,12,12,15,3
[4.   0.59 0.59],6243,4848,682,713,4,2,1,1,11,10,12,1
[4.   0.59 2.24],8124,4730,715,2679,4,2,1,1,11,11,13,3
[4.   0.59 4.  ],10335,4835,711,4789,6,3,1,2,16,16,22,3
[4.   2.24 0.59],8121,4688,2713,720,4,2,1,1,11,10,14,2
[4.   2.24 2.24],10048,4702,2674,2672,4,2,1,1,11,11,13,3
[4.   2.24 4.  ],12323,4806,2784,4733,7,3,1,3,18,16,20,2
[4.   4.   0.59],10316,4822,4811,683,6,4,1,1,17,13,17,2
[4.   4.   2.24],12290,4880,4740,2670,4,2,1,1,11,11,14,3
[4 4 4],14318,4766,4694,4858,6,2,2,2,16,16,27,3
[0.59 0.59 0.59],2042,681,685,676,3,1,1,1,8,6,6,0
[0.59 0.59 2.24],4075,702,702,2671,3,1,1,1,8,7,7,2
[0.59 0.59 4.  ],6273,690,704,4879,4,1,1,2,10,9,10,2
[0.59 2.24 0.59],4187,725,2741,721,3,1,1,1,8,7,7,2
[0.59 2.24 2.24],5948,710,2599,2639,3,1,1,1,8,7,7,2
[0.59 2.24 4.  ],8267,757,2668,4842,3,1,0,2,7,7,10,1
[0.59 4.   0.59],6156,718,4769,669,3,1,1,1,8,7,10,2
[0.59 4.   2.24],8117,715,4704,2698,2,1,1,0,6,6,6,1
[0.59 4.   4.  ],10219,691,4795,4733,4,1,1,2,10,9,12,1
[2.24 0.59 0.59],4144,2714,712,718,3,1,1,1,8,7,7,1
[2.24 0.59 2.24],6075,2731,677,2667,3,1,1,1,8,8,8,3
[2.24 0.59 4.  ],8435,2820,722,4893,5,2,1,2,13,13,17,3
[2.24 2.24 0.59],6249,2768,2732,749,3,1,1,1,8,8,9,3
[2.24 2.24 2.24],8086,2634,2732,2720,5,2,1,2,13,11,13,2
[2.24 2.24 4.  ],10153,2753,2659,4741,4,1,1,2,10,10,12,3
[2.24 4.   0.59],8102,2677,4745,680,6,3,1,2,16,12,13,0
[2.24 4.   2.24],10104,2663,4771,2670,4,1,2,1,11,9,14,0
[2.24 4.   4.  ],12398,2734,4826,4838,5,1,2,2,13,13,21,3
[4.   0.59 0.59],6267,4807,757,703,3,1,1,1,8,7,9,2
[4.   0.59 2.24],8227,4865,698,2664,4,2,1,1,11,9,14,2
[4.   0.59 4.  ],10286,4802,736,4748,8,4,1,3,21,17,23,2
[4.   2.24 0.59],8100,4693,2701,706,4,2,1,1,11,11,13,3
[4.   2.24 2.24],10191,4857,2665,2669,5,3,1,1,14,10,14,0
[4.   2.24 4.  ],12323,4853,2686,4784,6,3,1,2,16,16,21,3
[4.   4.   0.59],10020,4727,4600,693,4,1,1,2,10,8,12,0
[4.   4.   2.24],12240,4800,4804,2636,5,2,1,2,13,13,18,3
[4 4 4],14381,4843,4907,4631,6,3,1,2,16,14,22,2
[0.59 0.59 0.59],2132,683,700,749,3,1,1,1,8,6,6,0
[0.59 0.59 2.24],4115,689,737,2689,3,1,1,1,8,6,7,0
[0.59 0.59 4.  ],6197,721,691,4785,4,1,1,2,10,9,10,2
[0.59 2.24 0.59],4151,734,2683,734,3,1,1,1,8,7,7,2
[0.59 2.24 2.24],6186,670,2780,2736,3,1,1,1,8,7,7,2
[0.59 2.24 4.  ],8114,698,2676,4740,4,1,1,2,10,9,10,2
[0.59 4.   0.59],6174,692,4774,708,3,1,1,1,8,8,13,3
[0.59 4.   2.24],8127,708,4829,2590,3,1,1,1,8,7,8,2
[0.59 4.   4.  ],10414,682,4850,4882,4,1,1,2,10,9,11,2
[2.24 0.59 0.59],4129,2687,728,714,2,1,0,1,5,5,5,1
[2.24 0.59 2.24],6104,2729,710,2665,3,1,1,1,8,8,8,3
[2.24 0.59 4.  ],8187,2692,722,4773,4,1,1,2,10,10,11,3
[2.24 2.24 0.59],6011,2655,2680,676,3,1,1,1,8,8,8,3
[2.24 2.24 2.24],7983,2664,2721,2598,5,3,1,1,14,11,12,2
[2.24 2.24 4.  ],10136,2606,2778,4752,5,2,1,2,13,11,13,2
[2.24 4.   0.59],7889,2588,4598,703,5,3,1,1,14,10,12,0
[2.24 4.   2.24],10199,2668,4850,2681,4,2,1,1,11,11,15,3
[2.24 4.   4.  ],12478,2744,4818,4916,6,1,2,3,15,15,24,3
[4.   0.59 0.59],6160,4770,708,682,4,2,1,1,11,9,13,0
[4.   0.59 2.24],8150,4752,715,2683,4,2,1,1,11,11,14,3
[4.   0.59 4.  ],10432,4911,711,4810,6,2,1,3,15,15,19,3
[4.   2.24 0.59],8186,4825,2643,718,5,3,1,1,14,10,11,0
[4.   2.24 2.24],10102,4721,2698,2683,4,2,1,1,11,11,13,3
[4.   2.24 4.  ],12407,4839,2755,4813,6,2,1,3,15,14,20,2
[4.   4.   0.59],10402,4776,4887,739,4,2,1,1,11,11,19,3
[4.   4.   2.24],12438,4917,4844,2677,4,2,1,1,11,11,14,3
[4 4 4],14341,4807,4820,4714,7,3,1,3,18,18,24,3
[0.59 0.59 0.59],2143,727,725,691,2,1,0,1,5,5,5,2
[0.59 0.59 2.24],4237,756,754,2727,4,1,1,2,10,9,10,2
[0.59 0.59 4.  ],6259,761,674,4824,5,1,1,3,12,11,13,2
[0.59 0.59 6.79],9567,688,692,8187,6,1,1,4,14,13,17,2
[0.59 0.59 7.11],9938,726,706,8506,6,1,1,4,14,13,16,2
[0.59 0.59 8.09],11189,679,736,9774,7,1,1,5,16,15,19,2
[0.59 0.59 8.92],12236,738,731,10767,7,1,1,5,16,15,19,2
[0.59 2.24 0.59],4146,714,2756,676,3,1,1,1,8,6,6,0
[0.59 2.24 2.24],6273,728,2826,2719,3,1,1,1,8,7,9,1
[0.59 2.24 4.  ],8241,723,2685,4833,5,1,1,3,12,11,13,2
[0.59 2.24 6.79],11608,709,2706,8193,5,1,1,3,12,11,14,2
[0.59 2.24 7.11],12072,730,2719,8623,6,1,1,4,14,13,16,2
[0.59 2.24 8.09],13057,698,2657,9702,7,1,1,5,16,15,19,2
[0.59 2.24 8.92],14157,780,2720,10657,7,1,1,5,16,15,19,2
[0.59 4.   0.59],6298,722,4812,764,3,1,1,1,8,8,11,1
[0.59 4.   2.24],8123,695,4876,2552,3,1,1,1,8,7,8,1
[0.59 4.   4.  ],10127,711,4722,4694,4,1,1,2,10,9,12,2
[0.59 4.   6.79],13619,737,4720,8162,5,1,1,3,12,11,13,2
[0.59 4.   7.11],13807,691,4836,8280,7,1,2,4,17,15,26,2
[0.59 4.   8.09],15416,744,4793,9879,7,1,1,5,16,15,25,2
[0.59 4.   8.92],16320,717,4789,10814,10,2,2,6,24,21,33,2
[0.59 6.79 0.59],9714,733,8265,716,4,1,2,1,11,11,20,3
[0.59 6.79 2.24],11622,675,8330,2617,5,2,2,1,14,9,17,0
[0.59 6.79 4.  ],13671,700,8205,4766,6,2,2,2,16,13,21,2
[0.59 6.79 6.79],17072,754,8101,8217,8,2,2,4,20,17,27,2
[0.59 6.79 7.11],17144,742,8020,8382,8,2,2,4,20,17,27,2
[0.59 6.79 8.09],18519,669,8095,9755,7,1,1,5,16,16,26,3
[0.59 6.79 8.92],19413,673,8108,10632,8,1,2,5,19,19,30,3
[0.59 7.11 0.59],9929,681,8530,718,5,2,2,1,14,11,18,2
[0.59 7.11 2.24],11951,691,8522,2738,5,1,2,2,13,12,17,1
[0.59 7.11 4.  ],13983,698,8553,4732,6,2,2,2,16,13,22,2
[0.59 7.11 6.79],17451,776,8484,8191,7,1,3,3,18,16,31,1
[0.59 7.11 7.11],17799,737,8553,8509,8,1,2,5,19,17,29,2
[0.59 7.11 8.09],18960,693,8569,9698,7,1,2,4,17,17,31,3
[0.59 7.11 8.92],20041,690,8633,10718,8,1,2,5,19,19,30,3
[0.59 8.09 0.59],11012,702,9561,749,4,1,2,1,11,11,20,3
[0.59 8.09 2.24],13091,682,9729,2680,5,2,2,1,14,11,18,2
[0.59 8.09 4.  ],15206,666,9718,4822,7,1,3,3,18,15,30,2
[0.59 8.09 6.79],18650,721,9754,8175,6,1,2,3,15,15,26,3
[0.59 8.09 7.11],19118,718,9676,8724,8,1,2,5,19,19,34,3
[0.59 8.09 8.09],20054,709,9583,9762,7,1,2,4,17,17,31,3
[0.59 8.09 8.92],20975,704,9571,10700,8,1,2,5,19,19,34,3
[0.59 8.92 0.59],12019,673,10653,693,4,1,2,1,11,9,17,2
[0.59 8.92 2.24],13949,697,10581,2671,5,1,3,1,14,12,19,1
[0.59 8.92 4.  ],16347,711,10760,4876,9,1,5,3,24,21,32,1
[0.59 8.92 6.79],19413,690,10573,8150,7,1,2,4,17,17,30,3
[0.59 8.92 7.11],19863,724,10561,8578,7,1,3,3,18,15,28,1
[0.59 8.92 8.09],21182,703,10806,9673,9,2,3,4,23,19,37,2
[0.59 8.92 8.92],21780,634,10592,10554,8,1,2,5,19,19,35,3
[2.24 0.59 0.59],4054,2654,676,724,4,1,2,1,11,7,7,0
[2.24 0.59 2.24],6031,2703,683,2645,3,1,1,1,8,8,8,3
[2.24 0.59 4.  ],8311,2677,708,4926,5,1,1,3,12,12,14,3
[2.24 0.59 6.79],11732,2725,724,8283,6,1,1,4,14,14,17,3
[2.24 0.59 7.11],11920,2708,710,8502,7,1,1,5,16,16,20,3
[2.24 0.59 8.09],13066,2674,699,9693,6,1,1,4,14,14,18,3
[2.24 0.59 8.92],14103,2649,701,10753,8,2,1,5,19,17,23,2
[2.24 2.24 0.59],5958,2612,2685,661,3,1,1,1,8,7,9,2
[2.24 2.24 2.24],8186,2724,2740,2722,4,1,1,2,10,10,11,3
[2.24 2.24 4.  ],10058,2667,2594,4797,5,2,1,2,13,11,15,2
[2.24 2.24 6.79],13412,2656,2592,8164,7,2,1,4,17,15,21,2
[2.24 2.24 7.11],14057,2790,2682,8585,6,1,1,4,14,14,18,3
[2.24 2.24 8.09],14953,2697,2686,9570,7,1,1,5,16,15,19,2
[2.24 2.24 8.92],16147,2822,2727,10598,8,2,1,5,19,17,24,2
[2.24 4.   0.59],8294,2745,4828,721,3,1,1,1,8,8,8,3
[2.24 4.   2.24],10326,2701,4958,2667,3,1,1,1,8,8,10,3
[2.24 4.   4.  ],12250,2732,4682,4836,5,1,1,3,12,12,18,3
[2.24 4.   6.79],15722,2733,4791,8198,5,1,1,3,12,12,21,3
[2.24 4.   7.11],16061,2780,4807,8474,6,1,1,4,14,14,18,3
[2.24 4.   8.09],17294,2781,4829,9684,6,1,1,4,14,13,18,2
[2.24 4.   8.92],18046,2664,4756,10626,8,1,1,6,18,18,25,3
[2.24 6.79 0.59],11578,2699,8150,729,4,1,2,1,11,11,19,3
[2.24 6.79 2.24],13616,2732,8153,2731,5,1,2,2,13,13,22,3
[2.24 6.79 4.  ],15835,2748,8225,4862,5,1,2,2,13,13,22,3
[2.24 6.79 6.79],19115,2700,8108,8307,8,1,2,5,19,19,30,3
[2.24 6.79 7.11],19346,2711,8031,8604,8,1,2,5,19,19,30,3
[2.24 6.79 8.09],20759,2696,8253,9810,9,1,2,6,21,21,34,3
[2.24 6.79 8.92],21384,2632,8014,10738,9,2,2,5,22,22,35,3
[2.24 7.11 0.59],11990,2669,8609,712,5,2,2,1,14,12,20,2
[2.24 7.11 2.24],14019,2630,8661,2728,7,2,4,1,20,18,25,1
[2.24 7.11 4.  ],16155,2697,8523,4935,6,1,2,3,15,15,24,3
[2.24 7.11 6.79],19197,2662,8526,8009,8,2,2,4,20,20,32,3
[2.24 7.11 7.11],19857,2708,8599,8550,7,1,2,4,17,17,33,3
[2.24 7.11 8.09],20816,2674,8471,9671,7,1,2,4,17,15,29,1
[2.24 7.11 8.92],21948,2766,8413,10769,8,1,2,5,19,19,31,3
[2.24 8.09 0.59],13105,2634,9740,731,6,2,2,2,16,15,24,1
[2.24 8.09 2.24],15206,2648,9774,2784,5,2,2,1,14,14,26,3
[2.24 8.09 4.  ],16856,2646,9450,4760,6,2,2,2,16,13,25,2
[2.24 8.09 6.79],20511,2709,9652,8150,7,1,2,4,17,17,28,3
[2.24 8.09 7.11],20556,2614,9637,8305,11,2,5,4,29,19,40,0
[2.24 8.09 8.09],22236,2739,9865,9632,8,1,2,5,19,19,32,3
[2.24 8.09 8.92],23096,2629,9810,10657,11,3,3,5,28,23,43,2
[2.24 8.92 0.59],13938,2705,10497,736,5,1,2,2,13,12,20,1
[2.24 8.92 2.24],16064,2775,10688,2601,5,1,2,2,13,13,27,3
[2.24 8.92 4.  ],18225,2684,10680,4861,5,1,2,2,13,13,25,3
[2.24 8.92 6.79],21539,2623,10759,8157,9,2,3,4,23,23,44,3
[2.24 8.92 7.11],21839,2707,10592,8540,8,1,2,5,19,19,35,3
[2.24 8.92 8.09],23253,2673,10818,9762,9,1,3,5,22,22,40,3
[2.24 8.92 8.92],24113,2618,10732,10763,10,2,3,5,25,22,44,2
[4.   0.59 0.59],6224,4803,715,706,5,3,1,1,14,13,17,1
[4.   0.59 2.24],8362,4920,713,2729,5,2,1,2,13,13,16,3
[4.   0.59 4.  ],10436,4840,718,4878,6,3,1,2,16,16,21,3
[4.   0.59 6.79],13609,4830,733,8046,8,3,1,4,20,19,26,2
[4.   0.59 7.11],14014,4697,719,8598,7,2,1,4,17,17,23,3
[4.   0.59 8.09],15160,4771,716,9673,7,2,1,4,17,16,23,2
[4.   0.59 8.92],16290,4866,684,10740,9,2,1,6,21,20,27,2
[4.   2.24 0.59],8257,4822,2713,722,5,3,1,1,14,12,16,2
[4.   2.24 2.24],10017,4755,2640,2622,4,2,1,1,11,11,14,3
[4.   2.24 4.  ],12547,4927,2727,4893,5,2,1,2,13,13,17,3
[4.   2.24 6.79],15584,4715,2668,8201,8,2,1,5,19,19,25,3
[4.   2.24 7.11],16007,4735,2699,8573,7,2,1,4,17,17,22,3
[4.   2.24 8.09],17230,4775,2719,9736,8,2,1,5,19,18,26,2
[4.   2.24 8.92],18147,4787,2686,10674,9,3,1,5,22,19,26,2
[4.   4.   0.59],10405,4867,4840,698,5,3,1,1,14,13,17,1
[4.   4.   2.24],12189,4764,4764,2661,4,2,1,1,11,11,17,3
[4 4 4],14491,4794,4910,4787,6,3,1,2,16,13,25,2
[4.   4.   6.79],17844,4666,4855,8323,7,2,1,4,17,17,24,3
[4.   4.   7.11],18058,4730,4800,8528,8,3,1,4,20,17,25,2
[4.   4.   8.09],19333,4691,4820,9822,9,3,1,5,22,20,28,2
[4.   4.   8.92],20482,4783,4919,10780,10,3,2,5,25,22,36,2
[4.   6.79 0.59],13698,4793,8202,703,6,3,2,1,17,14,24,2
[4.   6.79 2.24],15771,4823,8302,2646,7,4,2,1,20,16,27,2
[4.   6.79 4.  ],17749,4745,8175,4829,7,2,2,3,18,18,32,3
[4.   6.79 6.79],21230,4820,8114,8296,9,3,2,4,23,18,38,0
[4.   6.79 7.11],21514,4810,8218,8486,9,3,2,4,23,23,37,3
[4.   6.79 8.09],22624,4663,8250,9711,11,3,2,6,27,27,44,3
[4.   6.79 8.92],23666,4753,8104,10809,13,5,2,6,33,28,44,2
[4.   7.11 0.59],14237,4816,8707,714,6,3,1,2,16,16,25,1
[4.   7.11 2.24],16209,4894,8589,2726,7,3,2,2,19,19,36,3
[4.   7.11 4.  ],17996,4792,8457,4747,6,2,2,2,16,16,29,3
[4.   7.11 6.79],21530,4764,8430,8336,8,2,2,4,20,20,33,3
[4.   7.11 7.11],21841,4676,8567,8598,8,2,2,4,20,18,35,2
[4.   7.11 8.09],23175,4852,8568,9755,10,3,2,5,25,25,43,3
[4.   7.11 8.92],24056,4836,8580,10640,10,4,1,5,25,22,34,2
[4.   8.09 0.59],15197,4716,9762,719,5,2,2,1,14,14,25,3
[4.   8.09 2.24],17275,4778,9837,2660,5,2,2,1,14,14,24,3
[4.   8.09 4.  ],19068,4700,9628,4740,8,2,3,3,21,21,39,3
[4.   8.09 6.79],22540,4642,9664,8234,9,3,2,4,23,20,38,2
[4.   8.09 7.11],22966,4834,9760,8372,9,3,2,4,23,23,39,3
[4.   8.09 8.09],24252,4833,9859,9560,10,3,2,5,25,25,42,3
[4.   8.09 8.92],25135,4736,9648,10751,9,2,2,5,22,22,36,3
[4.   8.92 0.59],16292,4887,10697,708,7,2,3,2,19,16,27,1
[4.   8.92 2.24],18242,4740,10802,2700,6,2,3,1,17,17,34,3
[4.   8.92 4.  ],20398,4835,10791,4772,9,3,3,3,24,22,34,1
[4.   8.92 6.79],23529,4796,10692,8041,9,2,4,3,24,18,37,0
[4.   8.92 7.11],24079,4835,10742,8502,10,3,3,4,26,26,48,3
[4.   8.92 8.09],25316,4795,10765,9756,10,3,2,5,25,22,45,2
[4.   8.92 8.92],26363,4838,10773,10752,10,3,2,5,25,25,43,3
[6.79 0.59 0.59],9467,8054,721,692,6,4,1,1,17,16,22,1
[6.79 0.59 2.24],11687,8265,695,2727,7,4,1,2,19,16,26,2
[6.79 0.59 4.  ],13641,8118,729,4794,7,4,1,2,19,16,27,2
[6.79 0.59 6.79],17158,8108,750,8300,7,3,1,3,18,16,25,2
[6.79 0.59 7.11],17349,8169,725,8455,9,4,1,4,23,23,33,3
[6.79 0.59 8.09],18437,8122,717,9598,10,4,1,5,25,25,36,3
[6.79 0.59 8.92],19625,8246,695,10684,10,4,1,5,25,25,35,3
[6.79 2.24 0.59],11720,8368,2678,674,6,4,1,1,17,17,24,3
[6.79 2.24 2.24],13554,8178,2714,2662,6,4,1,1,17,17,24,3
[6.79 2.24 4.  ],15781,8119,2786,4876,7,4,1,2,19,19,26,3
[6.79 2.24 6.79],18956,8258,2636,8062,9,4,1,4,23,23,32,3
[6.79 2.24 7.11],19413,8247,2660,8506,10,4,1,5,25,25,35,3
[6.79 2.24 8.09],20530,8144,2669,9717,10,4,1,5,25,25,35,3
[6.79 2.24 8.92],21603,8177,2629,10797,10,4,1,5,25,25,37,3
[6.79 4.   0.59],13760,8352,4694,714,7,5,1,1,20,17,30,2
[6.79 4.   2.24],15747,8209,4874,2664,7,5,1,1,20,19,27,1
[6.79 4.   4.  ],17667,8015,4817,4835,10,5,2,3,27,25,43,1
[6.79 4.   6.79],21063,8006,4931,8126,10,5,1,4,26,26,37,3
[6.79 4.   7.11],21649,8165,4809,8675,9,4,1,4,23,21,38,2
[6.79 4.   8.09],22623,8138,4821,9664,9,3,1,5,22,21,34,2
[6.79 4.   8.92],23825,8198,4856,10771,11,5,1,5,28,24,38,2
[6.79 6.79 0.59],17224,8256,8225,743,7,4,2,1,20,20,33,3
[6.79 6.79 2.24],18986,8202,8094,2690,7,4,2,1,20,20,40,3
[6.79 6.79 4.  ],21288,8185,8130,4973,8,3,2,3,21,21,35,3
[6.79 6.79 6.79],24559,8265,8052,8242,10,4,2,4,26,26,43,3
[6.79 6.79 7.11],24793,7985,8242,8566,10,4,2,4,26,26,44,3
[6.79 6.79 8.09],26088,8115,8279,9694,12,4,3,5,31,28,49,1
[6.79 6.79 8.92],27017,8080,8241,10696,11,4,2,5,28,28,47,3
[6.79 7.11 0.59],17153,7964,8505,684,7,5,1,1,20,18,24,0
[6.79 7.11 2.24],19425,8118,8690,2617,10,4,4,2,28,26,39,1
[6.79 7.11 4.  ],21284,8194,8407,4683,9,4,3,2,25,25,47,3
[6.79 7.11 6.79],24991,8349,8552,8090,10,4,2,4,26,26,45,3
[6.79 7.11 7.11],25053,8202,8419,8432,12,5,3,4,32,32,57,3
[6.79 7.11 8.09],26389,8167,8618,9604,12,4,2,6,30,30,49,3
[6.79 7.11 8.92],27699,8279,8616,10804,13,5,2,6,33,29,51,2
[6.79 8.09 0.59],18574,8209,9686,679,8,4,2,2,22,21,37,1
[6.79 8.09 2.24],20514,8197,9615,2702,9,4,2,3,24,22,42,1
[6.79 8.09 4.  ],22473,8102,9669,4702,9,4,2,3,24,24,42,3
[6.79 8.09 6.79],25978,8193,9688,8097,9,4,2,3,24,24,46,3
[6.79 8.09 7.11],26338,8248,9571,8519,11,4,2,5,28,28,48,3
[6.79 8.09 8.09],27560,8200,9688,9672,10,3,2,5,25,25,47,3
[6.79 8.09 8.92],28611,7990,9921,10700,11,4,2,5,28,28,47,3
[6.79 8.92 0.59],19514,8115,10659,740,7,4,2,1,20,20,35,3
[6.79 8.92 2.24],21532,8270,10565,2697,11,4,4,3,30,27,42,1
[6.79 8.92 4.  ],24011,8287,10838,4886,10,6,2,2,28,24,45,2
[6.79 8.92 6.79],26759,8119,10716,7924,11,4,3,4,29,29,52,3
[6.79 8.92 7.11],27334,8130,10608,8596,10,4,2,4,26,22,47,2
[6.79 8.92 8.09],28612,8110,10609,9893,12,4,3,5,31,31,56,3
[6.79 8.92 8.92],29474,8121,10608,10745,13,4,4,5,34,30,55,1
[7.11 0.59 0.59],9870,8455,697,718,6,4,1,1,17,14,21,0
[7.11 0.59 2.24],11742,8287,712,2743,6,4,1,1,17,17,23,3
[7.11 0.59 4.  ],14064,8558,727,4779,7,4,1,2,19,19,27,3
[7.11 0.59 6.79],17346,8345,668,8333,9,4,1,4,23,23,32,3
[7.11 0.59 7.11],17863,8642,669,8552,10,5,1,4,26,26,37,3
[7.11 0.59 8.09],19118,8654,736,9728,11,5,1,5,28,28,40,3
[7.11 0.59 8.92],19960,8406,737,10817,11,4,1,6,27,25,36,2
[7.11 2.24 0.59],11971,8577,2706,688,6,4,1,1,17,16,23,1
[7.11 2.24 2.24],13897,8515,2701,2681,7,5,1,1,20,17,23,2
[7.11 2.24 4.  ],15979,8532,2582,4865,7,4,1,2,19,19,26,3
[7.11 2.24 6.79],19188,8454,2741,7993,9,4,1,4,23,23,33,3
[7.11 2.24 7.11],19812,8535,2718,8559,9,4,1,4,23,23,32,3
[7.11 2.24 8.09],20684,8219,2685,9780,9,4,1,4,23,20,29,2
[7.11 2.24 8.92],22200,8486,2728,10986,10,4,1,5,25,25,35,3
[7.11 4.   0.59],14037,8573,4752,712,7,5,1,1,20,16,23,0
[7.11 4.   2.24],15981,8581,4726,2674,6,4,1,1,17,17,24,3
[7.11 4.   4.  ],17946,8527,4669,4750,7,4,1,2,19,19,30,3
[7.11 4.   6.79],21583,8586,4918,8079,10,4,2,4,26,26,43,3
[7.11 4.   7.11],21823,8427,4826,8570,9,4,1,4,23,23,32,3
[7.11 4.   8.09],22993,8478,4856,9659,9,4,1,4,23,21,37,2
[7.11 4.   8.92],24173,8563,4901,10709,12,4,2,6,30,30,49,3
[7.11 6.79 0.59],17164,8456,7979,729,6,4,1,1,17,17,27,3
[7.11 6.79 2.24],19538,8705,8053,2780,7,4,2,1,20,20,34,3
[7.11 6.79 4.  ],21430,8538,8168,4724,9,4,2,3,24,24,42,3
[7.11 6.79 6.79],24846,8503,8215,8128,10,4,2,4,26,26,42,3
[7.11 6.79 7.11],25431,8583,8296,8552,12,6,2,4,32,27,48,2
[7.11 6.79 8.09],26240,8560,8038,9642,11,4,2,5,28,28,47,3
[7.11 6.79 8.92],27397,8584,8100,10713,15,7,2,6,39,33,52,2
[7.11 7.11 0.59],17608,8505,8386,717,7,4,2,1,20,20,38,3
[7.11 7.11 2.24],19844,8622,8542,2680,7,4,2,1,20,17,31,2
[7.11 7.11 4.  ],21914,8470,8600,4844,9,4,4,1,26,24,36,1
[7.11 7.11 6.79],25204,8634,8567,8003,11,5,2,4,29,29,50,3
[7.11 7.11 7.11],25923,8589,8564,8770,10,4,2,4,26,26,45,3
[7.11 7.11 8.09],26976,8518,8599,9859,11,4,2,5,28,28,51,3
[7.11 7.11 8.92],28030,8601,8555,10874,13,6,2,5,34,29,52,2
[7.11 8.09 0.59],19021,8588,9712,721,7,4,2,1,20,17,33,2
[7.11 8.09 2.24],21040,8677,9686,2677,8,5,2,1,23,19,39,2
[7.11 8.09 4.  ],22908,8431,9627,4850,11,6,3,2,31,26,49,2
[7.11 8.09 6.79],26415,8364,9754,8297,10,4,2,4,26,26,46,3
[7.11 8.09 7.11],26667,8447,9563,8657,10,4,2,4,26,26,44,3
[7.11 8.09 8.09],27773,8524,9735,9514,11,5,1,5,28,25,44,2
[7.11 8.09 8.92],28935,8604,9660,10671,12,5,2,5,31,31,52,3
[7.11 8.92 0.59],19845,8334,10765,746,7,4,2,1,20,19,31,1
[7.11 8.92 2.24],21967,8592,10680,2695,7,4,2,1,20,20,39,3
[7.11 8.92 4.  ],23968,8350,10741,4877,10,6,2,2,28,23,41,2
[7.11 8.92 6.79],27554,8527,10847,8180,10,4,2,4,26,26,43,3
[7.11 8.92 7.11],27530,8415,10703,8412,13,5,3,5,34,34,60,3
[7.11 8.92 8.09],29028,8660,10592,9776,11,4,2,5,28,28,50,3
[7.11 8.92 8.92],29670,8458,10577,10635,12,4,2,6,30,30,52,3
[8.09 0.59 0.59],11106,9662,724,720,7,5,1,1,20,17,23,2
[8.09 0.59 2.24],12880,9548,703,2629,6,4,1,1,17,17,24,3
[8.09 0.59 4.  ],15532,9865,683,4984,8,5,1,2,22,22,31,3
[8.09 0.59 6.79],18539,9692,705,8142,10,5,1,4,26,26,37,3
[8.09 0.59 7.11],18919,9709,716,8494,10,5,1,4,26,26,38,3
[8.09 0.59 8.09],20151,9646,709,9796,10,4,1,5,25,23,37,2
[8.09 0.59 8.92],21181,9769,700,10712,11,5,1,5,28,25,39,2
[8.09 2.24 0.59],13098,9691,2687,720,7,5,1,1,20,20,28,3
[8.09 2.24 2.24],15295,9891,2704,2700,7,5,1,1,20,20,29,3
[8.09 2.24 4.  ],17174,9688,2722,4764,8,5,1,2,22,22,31,3
[8.09 2.24 6.79],20676,9780,2723,8173,9,4,1,4,23,23,33,3
[8.09 2.24 7.11],21107,9874,2686,8547,9,4,1,4,23,21,34,2
[8.09 2.24 8.09],22136,9809,2684,9643,11,5,1,5,28,28,40,3
[8.09 2.24 8.92],23052,9705,2696,10651,11,5,1,5,28,28,40,3
[8.09 4.   0.59],15204,9726,4760,718,7,5,1,1,20,20,30,3
[8.09 4.   2.24],17169,9827,4680,2662,7,5,1,1,20,20,33,3
[8.09 4.   4.  ],19380,9862,4754,4764,8,5,1,2,22,22,33,3
[8.09 4.   6.79],22564,9657,4756,8151,10,5,1,4,26,26,39,3
[8.09 4.   7.11],23140,9796,4835,8509,9,4,1,4,23,23,34,3
[8.09 4.   8.09],24315,9824,4808,9683,11,5,2,4,29,29,47,3
[8.09 4.   8.92],25301,9806,4872,10623,12,5,1,6,30,30,46,3
[8.09 6.79 0.59],18672,9710,8234,728,8,4,2,2,22,20,33,1
[8.09 6.79 2.24],20673,9801,8148,2724,10,6,2,2,28,24,39,2
[8.09 6.79 4.  ],22821,9806,8236,4779,9,5,2,2,25,25,41,3
[8.09 6.79 6.79],25896,9778,7963,8155,11,5,2,4,29,29,50,3
[8.09 6.79 7.11],26563,9741,8133,8689,11,5,2,4,29,29,48,3
[8.09 6.79 8.09],27501,9773,8044,9684,10,4,2,4,26,26,44,3
[8.09 6.79 8.92],28761,9761,8288,10712,14,7,2,5,37,31,51,2
[8.09 7.11 0.59],18943,9640,8557,746,8,5,2,1,23,23,40,3
[8.09 7.11 2.24],20820,9705,8446,2669,9,6,2,1,26,21,37,2
[8.09 7.11 4.  ],23053,9679,8550,4824,10,5,2,3,27,27,45,3
[8.09 7.11 6.79],26585,9901,8442,8242,11,5,2,4,29,29,48,3
[8.09 7.11 7.11],26709,9662,8652,8395,11,5,2,4,29,29,49,3
[8.09 7.11 8.09],28150,9833,8563,9754,12,5,2,5,31,31,52,3
[8.09 7.11 8.92],28920,9772,8380,10768,12,5,2,5,31,31,55,3
[8.09 8.09 0.59],20206,9786,9686,734,8,4,2,2,22,21,31,1
[8.09 8.09 2.24],22194,9742,9783,2669,9,5,3,1,26,24,37,1
[8.09 8.09 4.  ],24312,9704,9788,4820,8,5,1,2,22,22,33,1
[8.09 8.09 6.79],27396,9725,9692,7979,9,4,2,3,24,24,44,3
[8.09 8.09 7.11],28188,9825,9772,8591,11,5,2,4,29,29,51,3
[8.09 8.09 8.09],29299,9677,9822,9800,13,5,3,5,34,34,61,3
[8.09 8.09 8.92],30122,9655,9661,10806,13,5,2,6,33,33,55,3
[8.09 8.92 0.59],21292,9688,10840,764,9,5,3,1,26,25,42,1
[8.09 8.92 2.24],23255,9788,10757,2710,10,4,4,2,28,25,47,1
[8.09 8.92 4.  ],25151,9727,10671,4753,9,5,2,2,25,25,44,3
[8.09 8.92 6.79],28818,9924,10818,8076,12,5,3,4,32,32,57,3
[8.09 8.92 7.11],28750,9659,10662,8429,14,7,3,4,38,31,59,2
[8.09 8.92 8.09],30409,9825,10769,9815,13,5,3,5,34,34,63,3
[8.09 8.92 8.92],30880,9645,10684,10551,12,5,2,5,31,31,54,3
[8.92 0.59 0.59],12130,10742,679,709,7,5,1,1,20,19,27,1
[8.92 0.59 2.24],14290,10807,731,2752,8,6,1,1,23,19,32,2
[8.92 0.59 4.  ],16380,10824,713,4843,10,6,1,3,27,23,37,2
[8.92 0.59 6.79],19497,10725,701,8071,9,5,1,3,24,24,34,3
[8.92 0.59 7.11],19827,10622,701,8504,12,6,1,5,31,31,45,3
[8.92 0.59 8.09],21094,10783,765,9546,11,5,1,5,28,28,41,3
[8.92 0.59 8.92],22204,10710,696,10798,11,5,1,5,28,28,41,3
[8.92 2.24 0.59],14135,10756,2690,689,7,5,1,1,20,20,29,3
[8.92 2.24 2.24],16017,10701,2594,2722,8,5,1,2,22,22,31,3
[8.92 2.24 4.  ],18057,10730,2641,4686,8,5,1,2,22,22,31,3
[8.92 2.24 6.79],21380,10704,2529,8147,10,5,1,4,26,26,37,3
[8.92 2.24 7.11],21906,10726,2692,8488,10,5,1,4,26,26,38,3
[8.92 2.24 8.09],23280,10669,2757,9854,12,6,1,5,31,31,45,3
[8.92 2.24 8.92],23904,10549,2653,10702,12,5,1,6,30,30,44,3
[8.92 4.   0.59],16212,10683,4825,704,8,6,1,1,23,23,34,3
[8.92 4.   2.24],17997,10450,4812,2735,8,6,1,1,23,19,32,2
[8.92 4.   4.  ],20288,10802,4710,4776,10,7,1,2,28,23,35,2
[8.92 4.   6.79],23810,10750,4870,8190,10,5,1,4,26,26,42,3
[8.92 4.   7.11],23823,10611,4741,8471,10,5,1,4,26,26,38,3
[8.92 4.   8.09],25232,10707,4706,9819,12,5,2,5,31,31,50,3
[8.92 4.   8.92],26017,10544,4759,10714,12,5,1,6,30,27,44,2
[8.92 6.79 0.59],19449,10716,8048,685,9,6,1,2,25,21,35,0
[8.92 6.79 2.24],21599,10754,8176,2669,8,5,2,1,23,23,43,3
[8.92 6.79 4.  ],23546,10583,8196,4767,11,5,3,3,30,27,44,1
[8.92 6.79 6.79],27126,10816,8058,8252,11,6,1,4,29,26,42,2
[8.92 6.79 7.11],27454,10632,8218,8604,12,5,2,5,31,31,50,3
[8.92 6.79 8.09],28843,10734,8294,9815,11,5,1,5,28,28,46,3
[8.92 6.79 8.92],29752,10845,8150,10757,14,7,2,5,37,32,54,2
[8.92 7.11 0.59],19885,10545,8633,707,8,5,2,1,23,23,38,3
[8.92 7.11 2.24],22079,10630,8735,2714,11,6,3,2,31,31,56,3
[8.92 7.11 4.  ],24082,10598,8653,4831,10,5,2,3,27,27,47,3
[8.92 7.11 6.79],27491,10762,8543,8186,11,5,2,4,29,29,49,3
[8.92 7.11 7.11],27847,10723,8539,8585,12,6,2,4,32,27,47,2
[8.92 7.11 8.09],28940,10721,8424,9795,13,5,3,5,34,34,61,3
[8.92 7.11 8.92],29792,10602,8412,10778,13,7,1,5,34,29,49,2
[8.92 8.09 0.59],21079,10575,9816,688,10,7,2,1,29,23,39,2
[8.92 8.09 2.24],23102,10793,9724,2585,8,5,2,1,23,23,39,3
[8.92 8.09 4.  ],25450,10717,9868,4865,11,6,3,2,31,26,48,2
[8.92 8.09 6.79],28496,10629,9692,8175,13,7,2,4,35,29,56,2
[8.92 8.09 7.11],29044,10809,9637,8598,12,6,2,4,32,32,53,3
[8.92 8.09 8.09],30227,10696,9643,9888,12,5,2,5,31,27,54,2
[8.92 8.09 8.92],31007,10590,9607,10810,14,5,3,6,36,36,64,3
[8.92 8.92 0.59],22226,10594,10887,745,8,5,2,1,23,23,44,3
[8.92 8.92 2.24],23861,10541,10612,2708,8,5,2,1,23,22,30,1
[8.92 8.92 4.  ],26291,10588,10820,4883,10,5,3,2,28,28,52,3
[8.92 8.92 6.79],29820,10771,10787,8262,11,5,2,4,29,29,53,3
[8.92 8.92 7.11],29593,10588,10572,8433,11,5,2,4,29,29,51,3
[8.92 8.92 8.09],30886,10689,10605,9592,12,5,3,4,32,32,58,3
[8.92 8.92 8.92],32071,10775,10582,10714,13,5,2,6,33,33,58,3


