rate,n_requests,n_requests_CA,n_requests_ST,n_requests_VS,n_instances,n_instances_CA,n_instances_ST,n_instances_VS,n_vnf_req,n_vnf,n_vcpu,alpha,beta,bin_conf
[0.59  0.177 0.177],1143,703,207,233,0,0,0,0,0,0,0,0.0,0.0,0
[2.24  0.672 0.672],4322,2720,796,806,4,2,1,1,11,9,9,0.0020823692734844978,0.0020823692734844978,0
[4.  1.2 1.2],7662,4757,1468,1437,7,5,1,1,20,17,20,0.002218741842860872,0.0026102845210127907,2
[6.79 2.03 2.03],13079,8156,2436,2487,11,8,1,2,31,27,31,0.002064378010551265,0.002370211789892193,2
[7.11 2.13 2.13],13654,8646,2471,2537,11,8,1,2,31,26,31,0.0019042038962941265,0.002270396953273766,2
[8.09 2.42 2.42],15455,9554,2965,2936,15,10,2,3,42,34,42,0.002199935296020705,0.0027175671303785185,0
[8.92 2.67 2.67],17128,10728,3210,3190,16,11,2,3,45,39,46,0.00227697337692667,0.0026856609061186357,2
[0.59  0.177 0.177],1136,702,217,217,3,1,1,1,8,6,6,0.00528169014084507,0.00528169014084507,0
[2.24  0.672 0.672],4302,2691,806,805,4,2,1,1,11,10,10,0.0023245002324500234,0.0023245002324500234,1
[4.  1.2 1.2],7626,4812,1389,1425,6,4,1,1,17,15,17,0.001966955153422502,0.0022292158405455022,2
[6.79 2.03 2.03],13164,8294,2481,2389,11,8,1,2,31,27,31,0.002051048313582498,0.002354907323002127,2
[7.11 2.13 2.13],13506,8518,2484,2504,12,8,1,3,33,29,33,0.002147193839774915,0.002443358507330076,2
[8.09 2.42 2.42],15387,9683,2837,2867,14,10,1,3,39,34,39,0.002209657503087021,0.002534607135893937,2
[8.92 2.67 2.67],17047,10636,3133,3278,14,10,1,3,39,33,39,0.001935824485246671,0.0022877925734733386,2
[0.59  0.177 0.177],1122,740,198,184,2,1,1,0,6,5,5,0.004456327985739751,0.004456327985739751,0
[2.24  0.672 0.672],4302,2694,820,788,4,2,1,1,11,10,10,0.0023245002324500234,0.0023245002324500234,1
[4.  1.2 1.2],7698,4796,1422,1480,7,5,1,1,20,19,19,0.002468173551571837,0.002468173551571837,1
[6.79 2.03 2.03],12965,8165,2417,2383,11,8,1,2,31,26,30,0.0020053991515618973,0.002313922097956036,0
[7.11 2.13 2.13],13612,8454,2589,2569,12,8,1,3,33,33,34,0.002424331472230385,0.002497796062297973,3
[8.09 2.42 2.42],15474,9592,2919,2963,13,9,1,3,36,36,37,0.0023264831329972853,0.002391107664469433,3
[8.92 2.67 2.67],17221,10762,3206,3253,16,10,2,4,44,39,45,0.0022646768480343764,0.0026130886708088962,2
[0.59  0.177 0.177],1088,727,149,212,2,1,0,1,5,5,5,0.004595588235294118,0.004595588235294118,0
[2.24  0.672 0.672],4329,2702,836,791,5,3,1,1,14,11,11,0.002541002541002541,0.002541002541002541,0
[4.  1.2 1.2],7755,4852,1464,1439,8,5,1,2,22,20,22,0.0025789813023855573,0.0028368794326241137,2
[6.79 2.03 2.03],12798,7913,2397,2488,12,8,2,2,34,29,34,0.002265979059228005,0.0026566651039224877,2
[7.11 2.13 2.13],13460,8512,2514,2434,11,8,1,2,31,27,31,0.0020059435364041607,0.0023031203566121843,2
[8.09 2.42 2.42],15759,9934,2924,2901,15,10,2,3,42,35,42,0.0022209531061615586,0.00266514372739387,0
[8.92 2.67 2.67],17060,10674,3205,3181,16,10,2,4,44,38,45,0.002227432590855803,0.002637749120750293,2
[0.59  0.177 0.177],1187,761,199,227,3,1,1,1,8,6,6,0.005054759898904802,0.005054759898904802,0
[2.24  0.672 0.672],4226,2610,821,795,4,2,1,1,11,10,11,0.00236630383341221,0.002602934216753431,2
[4.  1.2 1.2],7675,4767,1403,1505,8,5,1,2,22,19,21,0.00247557003257329,0.002736156351791531,2
[6.79 2.03 2.03],12928,8030,2414,2484,12,9,1,2,34,30,34,0.002320544554455445,0.002629950495049505,2
[7.11 2.13 2.13],13718,8536,2592,2590,11,8,1,2,31,27,30,0.0019682169412450798,0.0021869077124945326,2
[8.09 2.42 2.42],15345,9541,2913,2891,14,10,2,2,40,33,40,0.002150537634408602,0.002606712284131639,2
[8.92 2.67 2.67],17065,10602,3160,3303,15,11,1,3,42,36,43,0.002109581013770876,0.002519777322004102,0
[0.59  0.177 0.177],1122,680,210,232,3,1,1,1,8,6,6,0.0053475935828877,0.0053475935828877,0
[2.24  0.672 0.672],4372,2765,793,814,5,3,1,1,14,11,11,0.0025160109789569987,0.0025160109789569987,0
[4.  1.2 1.2],7609,4797,1431,1381,7,5,1,1,20,17,18,0.002234196346431857,0.0023656196609278487,0
[6.79 2.03 2.03],13041,8179,2485,2377,11,8,1,2,31,27,31,0.002070393374741201,0.002377118319147305,2
[7.11 2.13 2.13],13687,8673,2479,2535,11,8,1,2,31,31,32,0.002264922919558705,0.002337984949221889,3
[8.09 2.42 2.42],15601,9811,2883,2907,14,10,1,3,39,33,39,0.0021152490224985573,0.002499839753861932,2
[8.92 2.67 2.67],17236,10839,3249,3148,14,10,1,3,39,34,39,0.001972615456022279,0.002262705964260849,2
[0.59  0.177 0.177],1114,688,224,202,2,1,0,1,5,5,5,0.004488330341113106,0.004488330341113106,0
[2.24  0.672 0.672],4332,2692,840,800,4,2,1,1,11,11,12,0.0025392428439519853,0.002770083102493075,3
[4.  1.2 1.2],7727,4814,1439,1474,7,4,1,2,19,17,19,0.0022000776497994048,0.002458910314481688,2
[6.79 2.03 2.03],12908,8003,2501,2404,12,8,1,3,33,28,32,0.0021691973969631237,0.002479082739386427,0
[7.11 2.13 2.13],13645,8452,2622,2571,12,9,1,2,34,30,34,0.002198607548552584,0.002491755221692928,2
[8.09 2.42 2.42],15739,9874,2894,2971,14,10,1,3,39,34,39,0.0021602388970074337,0.002477921087743821,2
[8.92 2.67 2.67],17166,10673,3251,3242,16,11,2,3,45,38,45,0.002213678201095188,0.002621461027612723,2
[0.59  0.177 0.177],1142,717,234,191,3,1,1,1,8,6,6,0.005253940455341506,0.005253940455341506,0
[2.24  0.672 0.672],4367,2755,781,831,4,2,1,1,11,9,10,0.002060911380810625,0.002289901534234028,0
[4.  1.2 1.2],7616,4681,1449,1486,6,4,1,1,17,17,18,0.002232142857142857,0.0023634453781512603,1
[6.79 2.03 2.03],13128,8208,2476,2444,12,9,1,2,34,29,34,0.00220901889092017,0.002589884216940889,2
[7.11 2.13 2.13],13618,8547,2516,2555,13,9,1,3,36,31,35,0.0022763988838302245,0.002570127772066383,2
[8.09 2.42 2.42],15527,9747,2951,2829,14,9,2,3,39,33,39,0.0021253300702002965,0.002511753719327623,2
[8.92 2.67 2.67],17519,10902,3312,3305,15,10,2,3,42,36,42,0.002054911810034819,0.002397397111707289,2
[0.59  0.177 0.177],1117,684,228,205,3,1,1,1,8,6,6,0.005371530886302597,0.005371530886302597,0
[2.24  0.672 0.672],4239,2661,802,776,3,2,0,1,8,7,7,0.0016513328615239446,0.0016513328615239446,0
[4.  1.2 1.2],7569,4753,1387,1429,6,4,1,1,17,15,17,0.0019817677368212444,0.002246003435064077,2
[6.79 2.03 2.03],12998,8180,2390,2428,12,8,2,2,34,29,34,0.002231112478842899,0.00261578704416064,2
[7.11 2.13 2.13],13617,8495,2578,2544,11,8,1,2,31,26,31,0.0019093779834030988,0.002276566057134464,2
[8.09 2.42 2.42],15387,9646,2904,2837,15,10,2,3,42,36,43,0.0023396373562097877,0.0027945668421394685,2
[8.92 2.67 2.67],17264,10756,3165,3343,15,10,2,3,42,36,43,0.0020852641334569047,0.0024907321594068578,2
[0.59  0.177 0.177],1131,681,213,237,3,1,1,1,8,6,6,0.005305039787798408,0.005305039787798408,0
[2.24  0.672 0.672],4345,2704,824,817,5,3,1,1,14,11,11,0.002531645569620253,0.002531645569620253,0
[4.  1.2 1.2],7562,4767,1389,1406,8,5,1,2,22,19,22,0.002512562814070352,0.002909283258397249,2
[6.79 2.03 2.03],13098,8194,2439,2465,12,8,1,3,33,28,35,0.002137730951290273,0.0026721636891128423,0
[7.11 2.13 2.13],13653,8610,2545,2498,12,9,1,2,34,30,34,0.002197319270490002,0.0024902951732220023,2
[8.09 2.42 2.42],15408,9618,2936,2854,13,9,1,3,36,31,36,0.0020119418483904466,0.002336448598130841,2
[8.92 2.67 2.67],17206,10727,3267,3212,17,11,2,4,47,39,49,0.0022666511681971404,0.0028478437754271765,0
[0.59  0.177 0.177],1078,699,194,185,3,1,1,1,8,6,6,0.005565862708719851,0.005565862708719851,0
[2.24  0.672 0.672],4182,2603,769,810,5,3,1,1,14,12,14,0.0028694404591104736,0.003347680535628886,0
[4.  1.2 1.2],7687,4798,1440,1449,6,4,1,1,17,14,17,0.0018212566671002995,0.0022115259529075057,2
[6.79 2.03 2.03],13126,8296,2398,2432,11,7,2,2,31,31,33,0.0023617248209660217,0.002514094164254152,3
[7.11 2.13 2.13],13722,8561,2551,2610,12,8,1,3,33,32,34,0.0023320215711995326,0.0024777729193995045,1
[8.09 2.42 2.42],15524,9777,2933,2814,13,9,1,3,36,35,37,0.0022545735635145577,0.0023834063385725327,1
[8.92 2.67 2.67],17118,10682,3169,3267,15,10,2,3,42,36,43,0.002103049421661409,0.002511975698095572,2
[0.59  0.177 0.177],1112,702,210,200,1,1,0,0,3,3,3,0.002697841726618705,0.002697841726618705,0
[2.24  0.672 0.672],4300,2734,789,777,4,2,1,1,11,9,9,0.0020930232558139536,0.0020930232558139536,0
[4.  1.2 1.2],7581,4809,1400,1372,7,5,1,1,20,17,20,0.0022424482258277274,0.002638174383326738,2
[6.79 2.03 2.03],13091,8225,2539,2327,12,8,1,3,33,29,32,0.0022152623940111527,0.0024444274692536857,2
[7.11 2.13 2.13],13810,8602,2655,2553,13,8,2,3,36,30,36,0.002172338884866039,0.0026068066618392467,2
[8.09 2.42 2.42],15636,9883,2868,2885,12,9,1,2,34,34,35,0.002174469173701714,0.0022384241493988233,3
[8.92 2.67 2.67],17058,10689,3146,3223,15,10,1,4,41,36,41,0.0021104467112205423,0.0024035643100011727,2
[0.59  0.177 0.177],1142,720,213,209,3,1,1,1,8,6,6,0.005253940455341506,0.005253940455341506,0
[2.24  0.672 0.672],4266,2661,777,828,5,3,1,1,14,13,14,0.0030473511486169714,0.003281762775433661,2
[4.  1.2 1.2],7615,4775,1438,1402,7,4,1,2,19,18,19,0.0023637557452396585,0.002495075508864084,1
[6.79 2.03 2.03],13050,8123,2448,2479,10,7,1,2,28,24,28,0.0018390804597701149,0.0021455938697318012,2
[7.11 2.13 2.13],13641,8500,2582,2559,12,8,1,3,33,33,34,0.0024191774796569173,0.0024924858881313692,3
[8.09 2.42 2.42],15425,9598,2905,2922,15,10,2,3,42,36,41,0.00233387358184765,0.002658022690437601,2
[8.92 2.67 2.67],16898,10509,3236,3153,14,10,1,3,39,34,39,0.002012072434607646,0.0023079654396970053,2
[0.59  0.177 0.177],1136,715,208,213,3,1,1,1,8,6,6,0.00528169014084507,0.00528169014084507,0
[2.24  0.672 0.672],4257,2697,796,764,4,2,1,1,11,10,11,0.002349072116513977,0.002583979328165375,1
[4.  1.2 1.2],7576,4692,1468,1416,7,4,1,2,19,18,20,0.002375923970432946,0.002639915522703273,1
[6.79 2.03 2.03],12939,8164,2463,2312,13,9,1,3,36,31,34,0.0023958574851224977,0.0026277146611020947,2
[7.11 2.13 2.13],13521,8427,2527,2567,12,8,2,2,34,28,31,0.0020708527475778423,0.002292729827675468,0
[8.09 2.42 2.42],15525,9693,2907,2925,13,9,1,3,36,36,37,0.002318840579710145,0.002383252818035427,3
[8.92 2.67 2.67],17114,10651,3271,3192,14,10,1,3,39,34,39,0.0019866775739160922,0.0022788360406684584,2
[0.59  0.177 0.177],1104,688,226,190,3,1,1,1,8,6,6,0.005434782608695652,0.005434782608695652,0
[2.24  0.672 0.672],4313,2700,793,820,3,2,0,1,8,8,8,0.0018548574078367727,0.0018548574078367727,1
[4.  1.2 1.2],7926,4964,1466,1496,7,5,1,1,20,20,21,0.0025233409033560434,0.002649507948523845,3
[6.79 2.03 2.03],13168,8233,2437,2498,13,9,2,2,37,30,36,0.002278250303766707,0.0027339003645200487,0
[7.11 2.13 2.13],13613,8557,2486,2570,12,8,1,3,33,29,33,0.002130316609123632,0.002424153382795857,2
[8.09 2.42 2.42],15735,9836,2963,2936,14,10,2,2,40,34,39,0.002160788052113124,0.002478551000953289,2
[8.92 2.67 2.67],17153,10748,3130,3275,15,11,1,3,42,36,42,0.002098758234711129,0.002448551273829651,2
[0.59  0.177 0.177],1114,706,202,206,3,1,1,1,8,6,6,0.005385996409335727,0.005385996409335727,0
[2.24  0.672 0.672],4305,2729,794,782,4,2,1,1,11,9,10,0.0020905923344947735,0.0023228803716608595,0
[4.  1.2 1.2],7511,4724,1383,1404,7,4,1,2,19,16,19,0.0021302090267607513,0.0025296232192783923,0
[6.79 2.03 2.03],13004,8079,2475,2450,11,8,1,2,31,31,32,0.002383881882497693,0.0024607812980621353,3
[7.11 2.13 2.13],13686,8661,2400,2625,13,9,2,2,37,30,36,0.0021920210434020165,0.00263042525208242,0
[8.09 2.42 2.42],15488,9677,2859,2952,14,9,1,4,38,37,41,0.0023889462809917354,0.002647210743801653,1
[8.92 2.67 2.67],17196,10825,3220,3151,15,10,1,4,41,36,41,0.0020935101186322397,0.002384275412886718,2
[0.59  0.177 0.177],1151,730,204,217,3,1,1,1,8,6,6,0.0052128583840139004,0.0052128583840139004,0
[2.24  0.672 0.672],4121,2585,760,776,5,3,1,1,14,11,12,0.0026692550351856345,0.0029119145838388738,0
[4.  1.2 1.2],7631,4659,1453,1519,8,5,1,2,22,18,21,0.0023587996330756127,0.002751932905254881,0
[6.79 2.03 2.03],13124,8187,2438,2499,11,8,1,2,31,27,31,0.0020572996037793354,0.002362084730265163,2
[7.11 2.13 2.13],13495,8412,2484,2599,11,8,1,2,31,26,31,0.0019266394961096702,0.0022971470915153767,2
[8.09 2.42 2.42],15480,9765,2793,2922,14,10,1,3,39,33,39,0.002131782945736434,0.0025193798449612407,2
[8.92 2.67 2.67],17105,10708,3230,3167,15,10,2,3,42,34,42,0.0019877228880444318,0.002455422391113709,0
[0.59  0.177 0.177],1117,694,199,224,3,1,1,1,8,6,6,0.005371530886302597,0.005371530886302597,0
[2.24  0.672 0.672],4394,2739,813,842,4,2,1,1,11,8,8,0.0018206645425580335,0.0018206645425580335,0
[4.  1.2 1.2],7791,4919,1424,1448,7,5,1,1,20,17,20,0.002182004877422667,0.002567064561673726,0
[6.79 2.03 2.03],13230,8288,2416,2526,12,8,1,3,33,29,33,0.0021919879062736207,0.002494331065759637,2
[7.11 2.13 2.13],13698,8593,2526,2579,12,8,1,3,33,28,33,0.0020440940283253032,0.0024091108190976785,2
[8.09 2.42 2.42],15355,9682,2842,2831,14,10,1,3,39,34,39,0.0022142624552263105,0.0025398892868772386,2
[8.92 2.67 2.67],17179,10745,3222,3212,16,11,2,3,45,38,45,0.0022120030269515106,0.002619477268758368,2
[0.59  0.177 0.177],1212,779,214,219,3,1,1,1,8,6,6,0.0049504950495049506,0.0049504950495049506,0
[2.24  0.672 0.672],4218,2681,791,746,4,2,1,1,11,10,10,0.002370791844476055,0.002370791844476055,1
[4.  1.2 1.2],7797,4870,1482,1445,7,5,1,1,20,17,20,0.00218032576632038,0.002565089136847505,2
[6.79 2.03 2.03],13059,8116,2509,2434,11,8,1,2,31,26,30,0.001990964086070909,0.002297266253158741,2
[7.11 2.13 2.13],13704,8573,2562,2569,13,9,1,3,36,31,36,0.002262113251605371,0.002626970227670753,2
[8.09 2.42 2.42],15439,9622,2962,2855,15,10,2,3,42,34,42,0.0022022151693762548,0.002720383444523609,0
[8.92 2.67 2.67],17114,10648,3173,3293,15,10,2,3,42,36,42,0.0021035409606170387,0.0024541311207198786,2
[0.59  0.177 0.177],1101,703,194,204,3,1,1,1,8,6,6,0.005449591280653951,0.005449591280653951,0
[2.24  0.672 0.672],4393,2738,812,843,4,2,1,1,11,10,11,0.0022763487366264518,0.002503983610289096,2
[4.  1.2 1.2],7648,4776,1411,1461,8,5,1,2,22,18,22,0.002353556485355649,0.002876569037656904,0
[6.79 2.03 2.03],13019,8182,2395,2442,13,9,2,2,37,31,36,0.002381135263845149,0.002765189338658883,2
[7.11 2.13 2.13],13649,8538,2540,2571,14,9,2,3,39,31,37,0.0022712286614403987,0.002710821305590153,0
[8.09 2.42 2.42],15572,9650,2933,2989,13,9,1,3,36,31,36,0.001990752632930901,0.002311841767274595,2
[8.92 2.67 2.67],17192,10733,3219,3240,15,10,2,3,42,36,43,0.0020939972080037225,0.0025011633317822248,2
[0.59  0.177 0.177],1135,704,226,205,3,1,1,1,8,6,6,0.005286343612334802,0.005286343612334802,0
[2.24  0.672 0.672],4271,2702,835,734,4,2,1,1,11,9,9,0.0021072348396160147,0.0021072348396160147,0
[4.  1.2 1.2],7749,4814,1425,1510,8,5,1,2,22,18,21,0.0023228803716608595,0.002710027100271003,0
[6.79 2.03 2.03],13157,8216,2491,2450,11,8,1,2,31,31,32,0.0023561602188948852,0.0024321653872463327,3
[7.11 2.13 2.13],13751,8667,2566,2518,14,9,2,3,39,33,39,0.0023998254672387464,0.002836157370373064,2
[8.09 2.42 2.42],15455,9640,2925,2890,12,9,1,2,34,29,34,0.0018764153995470718,0.002199935296020705,2
[8.92 2.67 2.67],17082,10655,3227,3200,16,11,2,3,45,38,45,0.0022245638683994853,0.0026343519494204425,2
[0.59  0.177 0.177],1127,737,208,182,2,1,0,1,5,5,5,0.004436557231588288,0.004436557231588288,0
[2.24  0.672 0.672],4331,2732,819,780,5,3,1,1,14,11,11,0.002539829138767028,0.002539829138767028,0
[4.  1.2 1.2],7613,4814,1380,1419,8,5,1,2,22,19,22,0.002495730986470511,0.0028897937738079603,2
[6.79 2.03 2.03],12995,8105,2461,2429,12,8,1,3,33,30,34,0.002308580223162755,0.002616390919584456,2
[7.11 2.13 2.13],13761,8583,2562,2616,13,8,2,3,36,35,38,0.00254341980960686,0.002761427221858877,1
[8.09 2.42 2.42],15917,9930,2945,3042,14,10,1,3,39,33,38,0.002073255010366275,0.0023873845573914683,2
[8.92 2.67 2.67],17016,10543,3285,3188,14,10,1,3,39,34,42,0.0019981194170192763,0.002468265162200282,0
[0.59  0.177 0.177],1164,690,238,236,2,1,0,1,5,5,5,0.00429553264604811,0.00429553264604811,0
[2.24  0.672 0.672],4258,2695,753,810,5,3,1,1,14,11,12,0.002583372475340536,0.002818224518553311,0
[4.  1.2 1.2],7807,4997,1416,1394,7,5,1,1,20,17,19,0.002177532983220187,0.002433713334187268,2
[6.79 2.03 2.03],13173,8168,2451,2554,12,8,1,3,33,28,32,0.002125559857283838,0.0024292112654672442,0
[7.11 2.13 2.13],13716,8626,2590,2500,12,9,1,2,34,29,34,0.002114319043452902,0.0024788568095654713,2
[8.09 2.42 2.42],15503,9652,2974,2877,13,9,1,3,36,36,37,0.0023221312004128233,0.002386634844868735,3
[8.92 2.67 2.67],17146,10792,3241,3113,15,11,1,3,42,36,42,0.0020996150705703954,0.002449550915665461,2
[0.59  0.177 0.177],1186,728,237,221,3,1,1,1,8,6,6,0.005059021922428329,0.005059021922428329,0
[2.24  0.672 0.672],4315,2668,815,832,5,3,1,1,14,12,13,0.002780996523754345,0.0030127462340672076,0
[4.  1.2 1.2],7595,4780,1427,1388,6,4,1,1,17,14,17,0.0018433179723502304,0.002238314680710994,0
[6.79 2.03 2.03],12947,8110,2374,2463,12,8,2,2,34,28,33,0.002162663165212018,0.002548853016142736,0
[7.11 2.13 2.13],13620,8595,2460,2565,12,8,1,3,33,29,33,0.0021292217327459613,0.002422907488986784,2
[8.09 2.42 2.42],15696,9873,2963,2860,14,9,1,4,38,33,38,0.002102446483180428,0.0024209989806320076,2
[8.92 2.67 2.67],17051,10742,3100,3209,15,11,1,3,42,36,42,0.002111313119465134,0.00246319863937599,2
[0.59  0.177 0.177],1132,716,193,223,3,1,1,1,8,6,6,0.00530035335689046,0.00530035335689046,0
[2.24  0.672 0.672],4303,2621,862,820,5,3,1,1,14,12,13,0.0027887520334650244,0.0030211480362537764,0
[4.  1.2 1.2],7601,4754,1438,1409,8,5,1,2,22,18,22,0.0023681094592816736,0.0028943560057887122,0
[6.79 2.03 2.03],13043,8162,2409,2472,12,8,1,3,33,29,33,0.0022234148585448133,0.002530092770068236,2
[7.11 2.13 2.13],13585,8585,2491,2509,12,8,1,3,33,33,34,0.0024291497975708503,0.0025027603974972397,3
[8.09 2.42 2.42],15556,9748,2858,2950,14,10,1,3,39,34,40,0.0021856518385188995,0.0025713551041398816,0
[8.92 2.67 2.67],17151,10666,3244,3241,15,11,1,3,42,36,41,0.002099002973587546,0.0023905311643635943,2
[0.59  0.177 0.177],1106,695,208,203,1,1,0,0,3,3,3,0.0027124773960217,0.0027124773960217,0
[2.24  0.672 0.672],4252,2609,791,852,5,2,2,1,14,11,13,0.002587017873941675,0.003057384760112888,0
[4.  1.2 1.2],7631,4703,1464,1464,8,5,1,2,22,18,21,0.0023587996330756127,0.002751932905254881,0
[6.79 2.03 2.03],13066,8180,2416,2470,12,8,2,2,34,33,35,0.0025256390632175107,0.0026787080973519053,1
[7.11 2.13 2.13],13996,8685,2667,2644,12,8,1,3,33,33,34,0.00235781651900543,0.002429265504429837,3
[8.09 2.42 2.42],15718,9861,2884,2973,14,10,1,3,39,33,37,0.002099503753658226,0.0023539890571319506,2
[8.92 2.67 2.67],17251,10724,3245,3282,15,11,1,3,42,36,42,0.0020868355457654628,0.002434641470059707,2
[0.59  0.177 0.177],1106,681,213,212,3,1,1,1,8,6,6,0.0054249547920434,0.0054249547920434,0
[2.24  0.672 0.672],4270,2673,840,757,5,3,1,1,14,12,12,0.002810304449648712,0.002810304449648712,0
[4.  1.2 1.2],7555,4727,1414,1414,7,4,1,2,19,16,19,0.0021178027796161483,0.0025148908007941763,2
[6.79 2.03 2.03],13087,8162,2503,2422,11,8,1,2,31,27,31,0.002063116069381829,0.0023687628944754338,2
[7.11 2.13 2.13],13652,8444,2531,2677,13,9,1,3,36,31,36,0.002270729563433929,0.002636976267213595,2
[8.09 2.42 2.42],15565,9754,2946,2865,13,9,1,3,36,32,36,0.0020558946353999357,0.0023128814648249283,2
[8.92 2.67 2.67],17056,10689,3174,3193,16,11,2,3,45,38,44,0.002227954971857411,0.0025797373358348967,2
[0.59  0.177 0.177],1175,728,218,229,0,0,0,0,0,0,0,0.0,0.0,0
[2.24  0.672 0.672],4396,2741,866,789,4,2,1,1,11,10,11,0.002274795268425841,0.0025022747952684263,2
[4.  1.2 1.2],7574,4756,1360,1458,8,5,1,2,22,18,22,0.0023765513599155004,0.002904673884341167,0
[6.79 2.03 2.03],12995,8108,2447,2440,11,8,1,2,31,26,30,0.0020007695267410548,0.002308580223162755,0
[7.11 2.13 2.13],13751,8520,2607,2624,13,9,1,3,36,31,36,0.0022543814995273073,0.002617991418805905,2
[8.09 2.42 2.42],15422,9502,2944,2976,14,10,1,3,39,34,39,0.0022046427181947868,0.0025288548826351964,2
[8.92 2.67 2.67],16889,10511,3189,3189,14,10,1,3,39,34,39,0.0020131446503641424,0.002309195334241222,2
[0.59  0.177 0.177],1050,643,215,192,3,1,1,1,8,6,6,0.005714285714285714,0.005714285714285714,0
[2.24  0.672 0.672],4359,2751,757,851,5,3,1,1,14,12,13,0.002752924982794219,0.0029823353980270705,2
[4.  1.2 1.2],7684,4774,1457,1453,7,4,1,2,19,17,19,0.0022123893805309734,0.002472670484122853,2
[6.79 2.03 2.03],12938,8111,2393,2434,11,8,1,2,31,27,31,0.0020868758695316127,0.002396042665017777,2
[7.11 2.13 2.13],13661,8547,2569,2545,11,8,1,2,31,26,30,0.0019032281677768832,0.002196032501281019,2
[8.09 2.42 2.42],15444,9619,2892,2933,13,9,1,3,36,31,35,0.0020072520072520073,0.002266252266252266,2
[8.92 2.67 2.67],17002,10559,3154,3289,16,11,2,3,45,38,45,0.0022350311728031994,0.002646747441477473,2
[0.59  0.177 0.177],1152,747,219,186,2,1,0,1,5,5,5,0.004340277777777778,0.004340277777777778,0
[2.24  0.672 0.672],4246,2631,790,825,4,2,1,1,11,9,9,0.002119642016015073,0.002119642016015073,0
[4.  1.2 1.2],7638,4791,1411,1436,7,5,1,1,20,17,20,0.0022257135375752814,0.002618486514794449,2
[6.79 2.03 2.03],13111,8136,2450,2525,12,8,2,2,34,29,34,0.002211883151552132,0.002593242315612844,2
[7.11 2.13 2.13],13568,8451,2553,2564,12,8,1,3,33,28,31,0.0020636792452830193,0.0022847877358490565,0
[8.09 2.42 2.42],15527,9725,2838,2964,13,9,1,3,36,36,37,0.0023185418947639595,0.0023829458362851805,3
[8.92 2.67 2.67],17013,10588,3283,3142,13,10,1,2,37,31,37,0.001822136013636631,0.0021748075001469464,0
[0.59  0.177 0.177],1037,627,213,197,3,1,1,1,8,6,6,0.005785920925747349,0.005785920925747349,0
[2.24  0.672 0.672],4212,2586,843,783,3,2,0,1,8,8,8,0.001899335232668566,0.001899335232668566,1
[4.  1.2 1.2],7672,4823,1393,1456,8,5,1,2,22,18,22,0.0023461939520333683,0.002867570385818561,0
[6.79 2.03 2.03],13109,8189,2440,2480,11,8,1,2,31,30,32,0.0022885040811656114,0.002441071019909985,1
[7.11 2.13 2.13],13774,8623,2593,2558,13,9,1,3,36,31,36,0.002250617104689996,0.0026136198635109626,2
[8.09 2.42 2.42],15490,9688,2908,2894,15,10,2,3,42,36,41,0.0023240800516462234,0.002646868947708199,2
[8.92 2.67 2.67],17075,10691,3163,3221,16,11,2,3,45,38,44,0.002225475841874085,0.002576866764275256,2
[0.59  0.177 0.177],1138,704,210,224,3,1,1,1,8,6,6,0.005272407732864675,0.005272407732864675,0
[2.24  0.672 0.672],4266,2655,806,805,5,3,1,1,14,11,11,0.0025785278949835913,0.0025785278949835913,0
[4.  1.2 1.2],7604,4719,1416,1469,7,4,1,2,19,16,17,0.0021041557075223566,0.002235665439242504,0
[6.79 2.03 2.03],13052,8154,2480,2418,12,8,1,3,33,27,33,0.002068648482991113,0.0025283481458780264,0
[7.11 2.13 2.13],13580,8518,2537,2525,13,9,1,3,36,32,35,0.0023564064801178198,0.002577319587628866,2
[8.09 2.42 2.42],15528,9758,2891,2879,14,10,1,3,39,33,38,0.002125193199381762,0.0024471921689850594,2
[8.92 2.67 2.67],17288,10837,3251,3200,16,11,2,3,45,38,45,0.002198056455344748,0.0026029615918556227,2
[0.59  0.177 0.177],1170,758,203,209,3,1,1,1,8,6,6,0.005128205128205128,0.005128205128205128,0
[2.24  0.672 0.672],4248,2642,782,824,4,2,1,1,11,10,11,0.002354048964218456,0.002589453860640301,2
[4.  1.2 1.2],7629,4842,1416,1371,7,5,1,1,20,16,20,0.002097260453532573,0.0026215755669157163,0
[6.79 2.03 2.03],12846,8112,2304,2430,11,8,1,2,31,27,31,0.0021018215787015414,0.0024132025533239922,2
[7.11 2.13 2.13],13793,8559,2633,2601,12,8,1,3,33,29,33,0.0021025157688682665,0.0023925179438845797,2
[8.09 2.42 2.42],15455,9612,2962,2881,15,10,2,3,42,36,42,0.002329343254610159,0.0027175671303785185,2
[8.92 2.67 2.67],17022,10620,3184,3218,16,10,2,4,44,37,44,0.0021736576195511693,0.002584890142168958,2
[0.59  0.177 0.177],1099,644,230,225,3,1,1,1,8,6,6,0.00545950864422202,0.00545950864422202,0
[2.24  0.672 0.672],4412,2669,838,905,4,2,1,1,11,11,12,0.002493200362647325,0.002719854941069809,3
[4.  1.2 1.2],7672,4814,1412,1446,6,4,1,1,17,15,17,0.0019551616266944736,0.0022158498435870693,0
[6.79 2.03 2.03],13070,8224,2484,2362,12,8,1,3,33,29,33,0.002218821729150727,0.0025248661055853093,2
[7.11 2.13 2.13],13798,8567,2641,2590,12,9,1,2,34,30,34,0.0021742281490071025,0.002464125235541383,2
[8.09 2.42 2.42],15511,9710,2914,2887,14,10,1,3,39,33,41,0.002127522403455612,0.0026432854103539427,0
[8.92 2.67 2.67],16849,10439,3185,3225,15,11,1,3,42,36,42,0.0021366253190100303,0.0024927295388450354,2
[0.59  0.177 0.177],1146,698,219,229,3,1,1,1,8,6,6,0.005235602094240838,0.005235602094240838,0
[2.24  0.672 0.672],4288,2722,780,786,4,2,1,1,11,9,9,0.0020988805970149254,0.0020988805970149254,0
[4.  1.2 1.2],7704,4782,1499,1423,7,5,1,1,20,17,20,0.0022066458982346834,0.002596053997923157,2
[6.79 2.03 2.03],12953,8175,2353,2425,12,8,1,3,33,29,33,0.002238863583725778,0.0025476723538948504,2
[7.11 2.13 2.13],13601,8363,2608,2630,12,8,2,2,34,28,34,0.002058672156459084,0.0024998161899860306,2
[8.09 2.42 2.42],15589,9715,2846,3028,14,10,1,3,39,34,39,0.0021810250817884407,0.0025017640644043877,2
[8.92 2.67 2.67],17288,10770,3308,3210,16,11,2,3,45,39,46,0.002255900046274873,0.0026608051827857475,2
[0.59  0.177 0.177],1134,715,216,203,3,1,1,1,8,6,6,0.005291005291005291,0.005291005291005291,0
[2.24  0.672 0.672],4375,2740,844,791,4,2,1,1,11,10,11,0.002285714285714286,0.002514285714285714,0
[4.  1.2 1.2],7585,4729,1399,1457,7,5,0,2,19,17,18,0.0022412656558998025,0.0023731048121292024,0
[6.79 2.03 2.03],13044,8155,2429,2460,12,8,1,3,33,28,34,0.0021465808034345293,0.0026065624041705,0
[7.11 2.13 2.13],13826,8602,2601,2623,14,9,2,3,39,33,38,0.002386807464197888,0.002748444958773325,2
[8.09 2.42 2.42],15524,9697,2929,2898,12,9,1,2,34,34,35,0.00219015717598557,0.0022545735635145577,3
[8.92 2.67 2.67],17237,10702,3277,3258,16,11,2,3,45,38,45,0.002204559958229391,0.002610663108429541,2
[0.59  0.177 0.177],1115,696,213,206,3,1,1,1,8,6,6,0.0053811659192825115,0.0053811659192825115,0
[2.24  0.672 0.672],4330,2711,826,793,4,3,0,1,11,10,10,0.002309468822170901,0.002309468822170901,0
[4.  1.2 1.2],7578,4675,1452,1451,7,4,1,2,19,17,20,0.0022433359725521247,0.002639218791237793,2
[6.79 2.03 2.03],13028,8142,2440,2446,11,8,1,2,31,27,32,0.002072459318391157,0.0024562480810561872,0
[7.11 2.13 2.13],13485,8305,2610,2570,13,8,2,3,36,30,39,0.002224694104560623,0.002892102335928809,0
[8.09 2.42 2.42],15589,9780,2884,2925,13,9,1,3,36,36,37,0.0023093206748348192,0.002373468471358009,3
[8.92 2.67 2.67],17249,10772,3230,3247,15,10,2,3,42,36,43,0.002087077511739811,0.002492898139022552,2
[0.59  0.177 0.177],1213,763,213,237,3,1,1,1,8,6,6,0.00494641384995878,0.00494641384995878,0
[2.24  0.672 0.672],4362,2729,822,811,5,3,1,1,14,11,12,0.0025217790004585052,0.002751031636863824,0
[4.  1.2 1.2],7633,4789,1418,1426,6,4,1,1,17,16,18,0.002096161404428141,0.0023581815799816586,1
[6.79 2.03 2.03],12909,8132,2361,2416,12,8,1,3,33,29,33,0.002246494693624603,0.002556356030676273,2
[7.11 2.13 2.13],13538,8438,2582,2518,13,9,1,3,36,31,36,0.0022898507903678536,0.0026591815630078296,2
[8.09 2.42 2.42],15557,9712,2908,2937,14,10,1,3,39,33,40,0.0021212315999228643,0.0025711898180883204,0
[8.92 2.67 2.67],17203,10833,3187,3183,15,11,1,3,42,36,42,0.002092658257280707,0.002441434633494158,2
[0.59  0.177 0.177],1208,781,207,220,3,1,1,1,8,6,6,0.004966887417218543,0.004966887417218543,0
[2.24  0.672 0.672],4370,2662,865,843,4,2,1,1,11,10,12,0.0022883295194508014,0.002745995423340961,2
[4.  1.2 1.2],7611,4797,1426,1388,6,4,1,1,17,14,18,0.0018394429115753516,0.002364998029168309,0
[6.79 2.03 2.03],12955,8119,2490,2346,11,8,1,2,31,26,31,0.0020069471246622925,0.002392898494789657,2
[7.11 2.13 2.13],13718,8577,2551,2590,12,8,2,2,34,34,36,0.0024784954074938037,0.0026242892549934393,3
[8.09 2.42 2.42],15520,9670,2979,2871,14,10,1,3,39,33,39,0.0021262886597938143,0.0025128865979381445,2
[8.92 2.67 2.67],17094,10739,3181,3174,14,10,1,3,39,34,39,0.001989001989001989,0.002281502281502281,2
[0.59  0.177 0.177],1180,765,231,184,3,1,1,1,8,6,6,0.005084745762711864,0.005084745762711864,0
[2.24  0.672 0.672],4299,2642,809,848,5,3,1,1,14,12,13,0.002791346824842986,0.003023959060246569,2
[4.  1.2 1.2],7577,4679,1481,1417,7,4,1,2,19,18,20,0.0023756103998944173,0.002639567110993797,1
[6.79 2.03 2.03],12908,8098,2426,2384,11,8,1,2,31,26,31,0.002014254725751472,0.002401611403780601,2
[7.11 2.13 2.13],13797,8554,2649,2594,13,9,2,2,37,31,37,0.0022468652605638906,0.002681742407769805,2
[8.09 2.42 2.42],15431,9621,2801,3009,13,9,1,3,36,30,37,0.001944138422655693,0.002397770721275355,0
[8.92 2.67 2.67],17093,10685,3245,3163,15,10,1,4,41,35,41,0.002047621833499093,0.002398642719241795,2
[0.59  0.177 0.177],1080,653,199,228,3,1,1,1,8,6,6,0.005555555555555557,0.005555555555555557,0
[2.24  0.672 0.672],4315,2753,806,756,4,3,0,1,11,10,10,0.002317497103128621,0.002317497103128621,0
[4.  1.2 1.2],7655,4695,1475,1485,6,4,1,1,17,17,18,0.0022207707380796863,0.0023514043109079032,1
[6.79 2.03 2.03],13122,8219,2456,2447,11,8,1,2,31,26,32,0.001981405273586344,0.002438652644413961,0
[7.11 2.13 2.13],13661,8577,2511,2573,12,8,1,3,33,33,34,0.0024156357514091213,0.002488836834785155,3
[8.09 2.42 2.42],15324,9523,2884,2917,14,10,1,3,39,34,39,0.002218741842860872,0.002545027407987471,2
[8.92 2.67 2.67],16772,10534,3031,3207,15,10,1,4,41,36,41,0.002146434533746721,0.0024445504412115428,2
[0.59  0.177 0.177],1168,730,215,223,1,1,0,0,3,3,3,0.002568493150684932,0.002568493150684932,0
[2.24  0.672 0.672],4235,2645,780,810,4,2,1,1,11,10,11,0.002361275088547816,0.002597402597402597,2
[4.  1.2 1.2],7520,4699,1472,1349,7,4,1,2,19,16,19,0.002127659574468085,0.0025265957446808512,2
[6.79 2.03 2.03],13018,8263,2375,2380,10,7,1,2,28,24,28,0.0018436011676140726,0.002150868028883085,2
[7.11 2.13 2.13],13691,8563,2631,2497,11,8,1,2,31,27,31,0.001972098458841575,0.0022642611934847712,2
[8.09 2.42 2.42],15668,9715,2918,3035,13,9,1,3,36,31,36,0.001978555016594333,0.002297676793464386,2
[8.92 2.67 2.67],16802,10607,3029,3166,16,11,2,3,45,39,45,0.0023211522437805022,0.0026782525889775025,2
[0.59  0.177 0.177],1177,734,220,223,2,0,1,1,5,4,4,0.0033984706881903144,0.0033984706881903144,0
[2.24  0.672 0.672],4214,2578,839,797,4,2,1,1,11,10,11,0.0023730422401518746,0.0026103464641670624,0
[4.  1.2 1.2],7801,4869,1448,1484,7,5,1,1,20,17,19,0.0021792077938725804,0.002435585181387002,0
[6.79 2.03 2.03],13223,8206,2493,2524,12,8,1,3,33,28,32,0.002117522498676549,0.0024200257127731982,2
[7.11 2.13 2.13],13584,8495,2514,2575,13,8,2,3,36,31,37,0.0022820965842167253,0.0027237926972909303,2
[8.09 2.42 2.42],15708,9850,2955,2903,15,10,2,3,42,40,44,0.002546473134708429,0.0028011204481792717,1
[8.92 2.67 2.67],16894,10679,3119,3096,16,11,2,3,45,38,44,0.0022493192849532377,0.002604474961524802,2
[0.59  0.177 0.177],1119,687,201,231,1,0,0,1,2,2,2,0.0017873100983020554,0.0017873100983020554,0
[2.24  0.672 0.672],4427,2753,826,848,5,3,1,1,14,11,12,0.002484752654167608,0.0027106392590919358,0
[4.  1.2 1.2],7784,4952,1445,1387,6,4,1,1,17,14,17,0.0017985611510791368,0.0021839671120246662,2
[6.79 2.03 2.03],12883,8134,2327,2422,12,8,1,3,33,29,33,0.0022510284871536134,0.0025615151750368703,2
[7.11 2.13 2.13],13702,8552,2600,2550,11,8,1,2,31,27,31,0.001970515253247701,0.0022624434389140274,2
[8.09 2.42 2.42],15334,9604,2841,2889,14,10,1,3,39,34,39,0.0022172949002217295,0.002543367679666101,2
[8.92 2.67 2.67],17243,10662,3245,3336,14,10,1,3,39,39,40,0.002261787391985153,0.002319781940497593,3
[0.59  0.177 0.177],1118,708,194,216,2,1,0,1,5,5,5,0.004472271914132379,0.004472271914132379,0
[2.24  0.672 0.672],4264,2664,832,768,4,2,1,1,11,10,10,0.002345215759849907,0.002345215759849907,1
[4.  1.2 1.2],7663,4803,1396,1464,6,4,1,1,17,13,16,0.0016964635260341902,0.002087955108965157,0
[6.79 2.03 2.03],13015,8041,2445,2529,13,8,2,3,36,32,37,0.0024587014982712253,0.002842873607376105,2
[7.11 2.13 2.13],13695,8472,2601,2622,12,8,2,2,34,28,35,0.002044541803577948,0.002555677254472435,0
[8.09 2.42 2.42],15677,9795,2912,2970,15,10,2,3,42,37,41,0.0023601454359890284,0.002615296293933789,2
[8.92 2.67 2.67],17080,10734,3165,3181,16,11,2,3,45,38,45,0.0022248243559718967,0.0026346604215456678,2
[0.59  0.177 0.177],1158,739,202,217,2,1,1,0,6,5,5,0.004317789291882556,0.004317789291882556,0
[2.24  0.672 0.672],4310,2727,811,772,5,3,1,1,14,13,14,0.0030162412993039447,0.003248259860788863,2
[4.  1.2 1.2],7736,4851,1403,1482,7,5,1,1,20,17,20,0.0021975180972078593,0.0025853154084798345,0
[6.79 2.03 2.03],13059,8092,2483,2484,11,8,1,2,31,27,31,0.0020675396278428673,0.0023738417949306988,2
[7.11 2.13 2.13],13715,8529,2548,2638,13,9,2,2,37,32,37,0.0023332118118847976,0.0026977761574917968,2
[8.09 2.42 2.42],15500,9662,2863,2975,14,9,2,3,39,31,40,0.002,0.0025806451612903226,0
[8.92 2.67 2.67],16964,10626,3128,3210,15,10,1,4,41,34,44,0.00200424428200896,0.0025937278943645365,0
[0.59  0.177 0.177],1136,695,210,231,3,1,1,1,8,6,6,0.00528169014084507,0.00528169014084507,0
[2.24  0.672 0.672],4252,2640,796,816,4,2,1,1,11,9,11,0.0021166509877704608,0.002587017873941675,2
[4.  1.2 1.2],7675,4741,1451,1483,7,4,1,2,19,16,19,0.002084690553745928,0.00247557003257329,2
[6.79 2.03 2.03],13085,8204,2446,2435,10,7,1,2,28,24,28,0.0018341612533435234,0.002139854795567444,2
[7.11 2.13 2.13],13603,8549,2557,2497,13,9,2,2,37,30,36,0.002205395868558407,0.0026464750422700873,0
[8.09 2.42 2.42],15583,9728,2929,2926,14,10,1,3,39,33,38,0.002117692357055766,0.0024385548353975488,2
[8.92 2.67 2.67],17122,10770,3183,3169,16,11,2,3,45,38,44,0.0022193668963906084,0.002569793248452284,2
[0.59  0.177 0.177],1115,687,207,221,3,1,1,1,8,6,6,0.0053811659192825115,0.0053811659192825115,0
[2.24  0.672 0.672],4296,2676,826,794,4,2,1,1,11,10,10,0.0023277467411545625,0.0023277467411545625,1
[4.  1.2 1.2],7684,4854,1445,1385,7,5,1,1,20,17,20,0.0022123893805309734,0.0026028110359187927,2
[6.79 2.03 2.03],12868,8081,2363,2424,10,7,1,2,28,28,29,0.002175940317065589,0.0022536524712465033,3
[7.11 2.13 2.13],13735,8557,2606,2572,13,8,2,3,36,28,36,0.0020385875500546053,0.0026210411357844928,0
[8.09 2.42 2.42],15394,9641,2864,2889,13,9,1,3,36,31,36,0.0020137715993244123,0.002338573470183189,2
[8.92 2.67 2.67],16832,10514,3161,3157,16,11,2,3,45,37,45,0.00219819391634981,0.0026734790874524714,0
[0.59  0.177 0.177],1116,696,209,211,3,1,1,1,8,6,6,0.005376344086021507,0.005376344086021507,0
[2.24  0.672 0.672],4357,2763,785,809,4,2,1,1,11,10,12,0.0022951572182694515,0.0027541886619233424,1
[4.  1.2 1.2],7681,4770,1438,1473,7,4,1,2,19,16,19,0.0020830621012888945,0.0024736362452805623,2
[6.79 2.03 2.03],12958,8088,2443,2427,12,8,2,2,34,29,34,0.0022379996913103875,0.002623861707053557,2
[7.11 2.13 2.13],13814,8677,2626,2511,13,9,1,3,36,32,36,0.0023164905168669464,0.0026060518314753147,2
[8.09 2.42 2.42],15484,9695,2929,2860,14,9,2,3,39,37,41,0.002389563420304831,0.0026478946008783263,1
[8.92 2.67 2.67],17129,10746,3169,3214,16,11,2,3,45,38,45,0.0022184599217700976,0.0026271235915698524,2
[0.59  0.177 0.177],1142,710,209,223,3,1,1,1,8,6,6,0.005253940455341506,0.005253940455341506,0
[2.24  0.672 0.672],4373,2785,809,779,4,2,1,1,11,10,10,0.00228675966155957,0.00228675966155957,1
[4.  1.2 1.2],7722,4807,1480,1435,7,5,1,1,20,17,19,0.0022015022015022014,0.002460502460502461,0
[6.79 2.03 2.03],13071,8271,2400,2400,12,8,2,2,34,29,34,0.00221865197766047,0.002601178180705378,2
[7.11 2.13 2.13],13705,8428,2605,2672,13,8,2,3,36,29,37,0.002116016052535571,0.0026997446187522803,0
[8.09 2.42 2.42],15592,9778,2878,2936,13,9,1,3,36,36,37,0.002308876346844536,0.0023730118009235505,3
[8.92 2.67 2.67],17412,10932,3238,3242,15,11,1,3,42,36,41,0.0020675396278428673,0.0023546979094877093,2
