context,rate,n_requests,n_requests_CA,n_requests_ST,n_requests_VS,n_instances,n_instances_CA,n_instances_ST,n_instances_VS,n_vnf_req,n_vnf,n_vcpu,alpha,beta,bin_conf
0,[0.59 0.59 0.59],2140,709,711,720,3,1,1,1,8,6,6,0.002803738317757009,0.002803738317757009,0
0,[0.59 0.59 0.59],2140,709,711,720,3,1,1,1,8,7,7,0.0032710280373831778,0.0032710280373831778,1
0,[0.59 0.59 0.59],2140,709,711,720,3,1,1,1,8,7,8,0.0032710280373831778,0.003738317757009346,2
0,[0.59 0.59 0.59],2140,709,711,720,3,1,1,1,8,8,9,0.003738317757009346,0.004205607476635514,3
1,[0.59 0.59 2.24],4019,691,697,2631,4,1,1,2,10,8,10,0.0019905449116695696,0.002488181139586962,0
1,[0.59 0.59 2.24],4019,691,697,2631,4,1,1,2,10,9,11,0.002239363025628266,0.002736999253545658,1
1,[0.59 0.59 2.24],4019,691,697,2631,4,1,1,2,10,9,10,0.002239363025628266,0.002488181139586962,2
1,[0.59 0.59 2.24],4019,691,697,2631,4,1,1,2,10,10,11,0.002488181139586962,0.002736999253545658,3
2,[0.59 0.59 4.  ],6409,728,738,4943,7,1,2,4,17,13,18,0.002028397565922921,0.0028085504758932752,0
2,[0.59 0.59 4.  ],6409,728,738,4943,7,1,2,4,17,15,20,0.0023404587299110627,0.0031206116398814166,1
2,[0.59 0.59 4.  ],6409,728,738,4943,6,1,1,4,14,13,14,0.002028397565922921,0.0021844281479169916,2
2,[0.59 0.59 4.  ],6409,728,738,4943,6,1,1,4,14,14,15,0.0021844281479169916,0.0023404587299110627,3
3,[0.59 0.59 6.79],9566,733,733,8100,12,1,3,8,28,21,33,0.002195274932051014,0.003449717750365879,0
3,[0.59 0.59 6.79],9566,733,733,8100,12,1,3,8,28,24,36,0.0025088856366297305,0.0037633284549445953,1
3,[0.59 0.59 6.79],9566,733,733,8100,9,1,1,7,20,19,20,0.0019862011289985366,0.0020907380305247754,2
3,[0.59 0.59 6.79],9566,733,733,8100,9,1,1,7,20,20,21,0.0020907380305247754,0.002195274932051014,3
4,[0.59 0.59 7.11],9966,710,717,8539,14,1,5,8,34,24,39,0.002408187838651415,0.0039133052378085495,0
4,[0.59 0.59 7.11],9966,710,717,8539,14,1,5,8,34,29,44,0.0029098936383704596,0.004415011037527594,1
4,[0.59 0.59 7.11],9966,710,717,8539,10,1,1,8,22,21,22,0.002107164358819988,0.002207505518763797,2
4,[0.59 0.59 7.11],9966,710,717,8539,10,1,1,8,22,22,23,0.002207505518763797,0.002307846678707606,3
5,[0.59 0.59 8.09],11126,758,695,9673,16,1,5,10,38,28,38,0.002516627718856732,0.003415423332734136,0
5,[0.59 0.59 8.09],11126,758,695,9673,16,1,5,10,38,33,43,0.0029660255257954343,0.0038648211396728385,1
5,[0.59 0.59 8.09],11126,758,695,9673,12,1,1,10,26,25,26,0.0022469890346935107,0.002336868596081251,2
5,[0.59 0.59 8.09],11126,758,695,9673,12,1,1,10,26,26,27,0.002336868596081251,0.0024267481574689917,3
6,[0.59 0.59 8.92],11941,724,666,10551,15,1,4,10,35,25,41,0.0020936269994137843,0.0034335482790386063,0
6,[0.59 0.59 8.92],11941,724,666,10551,15,1,4,10,35,29,45,0.00242860731931999,0.003768528598944812,1
6,[0.59 0.59 8.92],11941,724,666,10551,12,1,1,10,26,25,26,0.0020936269994137843,0.002177372079390336,2
6,[0.59 0.59 8.92],11941,724,666,10551,12,1,1,10,26,26,27,0.002177372079390336,0.0022611171593668873,3
7,[0.59 2.24 0.59],4111,729,2675,707,4,1,2,1,11,7,10,0.0017027487229384578,0.0024324981756263684,0
7,[0.59 2.24 0.59],4111,729,2675,707,4,1,2,1,11,9,12,0.0021892483580637314,0.002918997810751642,1
7,[0.59 2.24 0.59],4111,729,2675,707,3,1,1,1,8,7,8,0.0017027487229384578,0.0019459985405010946,2
7,[0.59 2.24 0.59],4111,729,2675,707,3,1,1,1,8,8,9,0.0019459985405010946,0.0021892483580637314,3
8,[0.59 2.24 2.24],6140,707,2631,2802,6,1,2,3,15,11,15,0.0017915309446254071,0.0024429967426710096,0
8,[0.59 2.24 2.24],6140,707,2631,2802,6,1,2,3,15,13,17,0.0021172638436482085,0.002768729641693811,1
8,[0.59 2.24 2.24],6140,707,2631,2802,5,1,1,3,12,11,12,0.0017915309446254071,0.001954397394136808,2
8,[0.59 2.24 2.24],6140,707,2631,2802,5,1,1,3,12,12,13,0.001954397394136808,0.0021172638436482085,3
9,[0.59 2.24 4.  ],8289,767,2730,4792,9,1,3,5,22,17,27,0.002050910845699119,0.003257328990228013,0
9,[0.59 2.24 4.  ],8289,767,2730,4792,9,1,3,5,22,20,30,0.0024128362890577875,0.003619254433586681,1
9,[0.59 2.24 4.  ],8289,767,2730,4792,7,1,1,5,16,15,16,0.0018096272167933405,0.0019302690312462299,2
9,[0.59 2.24 4.  ],8289,767,2730,4792,7,1,1,5,16,16,17,0.0019302690312462299,0.002050910845699119,3
10,[0.59 2.24 6.79],11636,717,2696,8223,11,1,3,7,26,20,32,0.0017188037126160192,0.002750085940185631,0
10,[0.59 2.24 6.79],11636,717,2696,8223,11,1,3,7,26,23,35,0.0019766242695084223,0.0030079064970780335,1
10,[0.59 2.24 6.79],11636,717,2696,8223,9,1,1,7,20,19,20,0.0016328635269852183,0.0017188037126160192,2
10,[0.59 2.24 6.79],11636,717,2696,8223,9,1,1,7,20,20,21,0.0017188037126160192,0.0018047438982468202,3
11,[0.59 2.24 7.11],11901,708,2672,8521,13,1,4,8,31,23,36,0.0019326107049827746,0.003024955886059995,0
11,[0.59 2.24 7.11],11901,708,2672,8521,13,1,4,8,31,27,40,0.002268716914544996,0.0033610620956222165,1
11,[0.59 2.24 7.11],11901,708,2672,8521,11,1,2,8,25,23,25,0.0019326107049827746,0.0021006638097638853,2
11,[0.59 2.24 7.11],11901,708,2672,8521,11,1,2,8,25,25,27,0.0021006638097638853,0.002268716914544996,3
12,[0.59 2.24 8.09],13090,705,2632,9753,16,1,5,10,38,28,42,0.0021390374331550803,0.0032085561497326204,0
12,[0.59 2.24 8.09],13090,705,2632,9753,16,1,5,10,38,33,47,0.0025210084033613447,0.003590527119938885,1
12,[0.59 2.24 8.09],13090,705,2632,9753,12,1,1,10,26,25,26,0.0019098548510313217,0.0019862490450725744,2
12,[0.59 2.24 8.09],13090,705,2632,9753,12,1,1,10,26,26,27,0.0019862490450725744,0.0020626432391138276,3
13,[0.59 2.24 8.92],13978,727,2736,10515,16,1,5,10,38,28,42,0.002003147803691515,0.003004721705537273,0
13,[0.59 2.24 8.92],13978,727,2736,10515,16,1,5,10,38,33,47,0.0023608527686364285,0.0033624266704821862,1
13,[0.59 2.24 8.92],13978,727,2736,10515,12,1,1,10,26,25,26,0.0017885248247245672,0.0018600658177135498,2
13,[0.59 2.24 8.92],13978,727,2736,10515,12,1,1,10,26,26,27,0.0018600658177135498,0.0019316068107025327,3
14,[0.59 4.   0.59],6259,738,4834,687,5,1,3,1,14,9,12,0.0014379293816903658,0.0019172391755871545,0
14,[0.59 4.   0.59],6259,738,4834,687,5,1,3,1,14,12,15,0.0019172391755871545,0.0023965489694839433,1
14,[0.59 4.   0.59],6259,738,4834,687,4,1,2,1,11,9,11,0.0014379293816903658,0.0017574692442882249,2
14,[0.59 4.   0.59],6259,738,4834,687,4,1,2,1,11,11,13,0.0017574692442882249,0.002077009106886084,3
15,[0.59 4.   2.24],8247,698,4894,2655,7,1,3,3,18,16,21,0.0019400994300957923,0.0025463805020007274,0
15,[0.59 4.   2.24],8247,698,4894,2655,7,1,3,3,18,16,21,0.0019400994300957923,0.0025463805020007274,1
15,[0.59 4.   2.24],8247,698,4894,2655,7,2,2,3,18,16,18,0.0019400994300957923,0.0021826118588577663,2
15,[0.59 4.   2.24],8247,698,4894,2655,6,1,2,3,15,15,17,0.0018188432157148053,0.0020613556444767796,3
16,[0.59 4.   4.  ],10388,711,4864,4813,10,2,3,5,25,20,31,0.0019252984212552945,0.0029842125529457066,0
16,[0.59 4.   4.  ],10388,711,4864,4813,9,1,3,5,22,20,31,0.0019252984212552945,0.0029842125529457066,1
16,[0.59 4.   4.  ],10388,711,4864,4813,9,2,2,5,22,20,22,0.0019252984212552945,0.002117828263380824,2
16,[0.59 4.   4.  ],10388,711,4864,4813,8,1,2,5,19,19,21,0.0018290335001925298,0.0020215633423180594,3
17,[0.59 4.   6.79],13673,707,4780,8186,14,2,4,8,34,27,44,0.0019746946536970673,0.003218020917135961,0
17,[0.59 4.   6.79],13673,707,4780,8186,13,1,4,8,31,28,45,0.0020478314927228846,0.003291157756161779,1
17,[0.59 4.   6.79],13673,707,4780,8186,12,2,2,8,28,26,28,0.0019015578146712498,0.0020478314927228846,2
17,[0.59 4.   6.79],13673,707,4780,8186,11,1,2,8,25,25,27,0.0018284209756454326,0.0019746946536970673,3
18,[0.59 4.   7.11],13891,719,4735,8437,14,1,5,8,34,25,42,0.0017997264415808797,0.003023540421855878,0
18,[0.59 4.   7.11],13891,719,4735,8437,14,1,5,8,34,30,47,0.0021596717298970557,0.003383485710172054,1
18,[0.59 4.   7.11],13891,719,4735,8437,12,2,2,8,28,26,28,0.001871715499244115,0.0020156936145705852,2
18,[0.59 4.   7.11],13891,719,4735,8437,11,1,2,8,25,25,27,0.0017997264415808797,0.0019437045569073502,3
19,[0.59 4.   8.09],15181,699,4809,9673,14,1,4,9,33,25,42,0.0016467953362756076,0.002766616164943021,0
19,[0.59 4.   8.09],15181,699,4809,9673,14,1,4,9,33,29,46,0.0019102825900797048,0.0030301034187471183,1
19,[0.59 4.   8.09],15181,699,4809,9673,13,1,3,9,30,28,31,0.0018444107766286805,0.0020420262169817535,2
19,[0.59 4.   8.09],15181,699,4809,9673,13,1,3,9,30,30,33,0.001976154403530729,0.002173769843883802,3
20,[0.59 4.   8.92],16288,686,4828,10774,14,1,4,9,33,29,43,0.001780451866404715,0.0026399803536345775,0
20,[0.59 4.   8.92],16288,686,4828,10774,14,1,4,9,33,29,43,0.001780451866404715,0.0026399803536345775,1
20,[0.59 4.   8.92],16288,686,4828,10774,13,1,2,10,29,27,29,0.0016576620825147347,0.001780451866404715,2
20,[0.59 4.   8.92],16288,686,4828,10774,13,1,2,10,29,29,31,0.001780451866404715,0.0019032416502946954,3
21,[0.59 6.79 0.59],9477,753,8028,696,7,2,3,2,19,19,22,0.0020048538567057086,0.0023214097288171364,0
21,[0.59 6.79 0.59],9477,753,8028,696,7,1,4,2,19,18,23,0.001899335232668566,0.002426928352854279,1
21,[0.59 6.79 0.59],9477,753,8028,696,8,4,3,1,23,20,23,0.002110372480742851,0.002426928352854279,2
21,[0.59 6.79 0.59],9477,753,8028,696,5,1,3,1,14,14,17,0.0014772607365199958,0.0017938166086314234,3
22,[0.59 6.79 2.24],11548,693,8098,2757,10,3,5,2,28,21,29,0.0018184967093869068,0.0025112573605819187,0
22,[0.59 6.79 2.24],11548,693,8098,2757,8,1,5,2,22,20,30,0.0017319016279875303,0.0025978524419812956,1
22,[0.59 6.79 2.24],11548,693,8098,2757,10,4,3,3,27,24,27,0.0020782819535850364,0.002338067197783166,2
22,[0.59 6.79 2.24],11548,693,8098,2757,7,1,3,3,18,18,21,0.0015587114651887772,0.0018184967093869068,3
23,[0.59 6.79 4.  ],13603,669,8077,4857,11,2,4,5,28,21,37,0.0015437771079908843,0.002719988237888701,0
23,[0.59 6.79 4.  ],13603,669,8077,4857,10,1,4,5,25,22,38,0.001617290303609498,0.0027935014335073146,1
23,[0.59 6.79 4.  ],13603,669,8077,4857,13,4,4,5,34,30,34,0.0022053958685584064,0.0024994486510328605,2
23,[0.59 6.79 4.  ],13603,669,8077,4857,10,1,4,5,25,25,29,0.0018378298904653384,0.0021318826729397927,3
24,[0.59 6.79 6.79],17020,731,8124,8165,15,2,5,8,37,33,54,0.0019388954171562867,0.003172737955346651,0
24,[0.59 6.79 6.79],17020,731,8124,8165,14,1,5,8,34,30,51,0.0017626321974148062,0.0029964747356051704,1
24,[0.59 6.79 6.79],17020,731,8124,8165,16,4,4,8,40,36,40,0.0021151586368977674,0.0023501762632197414,2
24,[0.59 6.79 6.79],17020,731,8124,8165,13,1,4,8,31,31,35,0.0018213866039952997,0.002056404230317274,3
25,[0.59 6.79 7.11],17288,741,8162,8385,14,1,5,8,34,29,51,0.0016774641369736232,0.002950023137436372,0
25,[0.59 6.79 7.11],17288,741,8162,8385,14,1,5,8,34,30,52,0.0017353077279037483,0.003007866728366497,1
25,[0.59 6.79 7.11],17288,741,8162,8385,17,4,5,8,43,38,43,0.002198056455344748,0.0024872744099953725,2
25,[0.59 6.79 7.11],17288,741,8162,8385,14,1,5,8,34,34,39,0.001966682091624248,0.0022559000462748727,3
26,[0.59 6.79 8.09],18677,697,8186,9794,19,3,7,9,48,35,64,0.001873962627831022,0.0034266745194624403,0
26,[0.59 6.79 8.09],18677,697,8186,9794,17,1,7,9,42,36,65,0.0019275044171976228,0.003480216308829041,1
26,[0.59 6.79 8.09],18677,697,8186,9794,17,4,4,9,42,38,42,0.002034587995930824,0.0022487551533972266,2
26,[0.59 6.79 8.09],18677,697,8186,9794,14,1,4,9,33,33,37,0.001766879049097821,0.0019810462065642234,3
27,[0.59 6.79 8.92],19509,717,8092,10700,20,4,6,10,50,39,68,0.001999077348915885,0.0034855707622123123,0
27,[0.59 6.79 8.92],19509,717,8092,10700,17,1,6,10,41,36,65,0.0018453021682300476,0.003331795581526475,1
27,[0.59 6.79 8.92],19509,717,8092,10700,17,3,4,10,41,37,41,0.0018965605617919934,0.0021015941360397767,2
27,[0.59 6.79 8.92],19509,717,8092,10700,15,1,4,10,35,35,39,0.001794043774668102,0.001999077348915885,3
28,[0.59 7.11 0.59],10103,710,8688,705,8,5,3,0,24,21,24,0.0020785905176680195,0.002375532020192022,0
28,[0.59 7.11 0.59],10103,710,8688,705,6,1,3,2,16,14,22,0.0013857270117786796,0.0021775710185093534,1
28,[0.59 7.11 0.59],10103,710,8688,705,7,4,2,1,20,18,20,0.0017816490151440166,0.001979610016826685,2
28,[0.59 7.11 0.59],10103,710,8688,705,4,1,2,1,11,11,13,0.0010887855092546767,0.0012867465109373452,3
29,[0.59 7.11 2.24],11898,700,8528,2670,7,1,3,3,18,17,24,0.0014288115649689023,0.002017145738779627,0
29,[0.59 7.11 2.24],11898,700,8528,2670,7,1,3,3,18,17,24,0.0014288115649689023,0.002017145738779627,1
29,[0.59 7.11 2.24],11898,700,8528,2670,10,4,3,3,27,24,27,0.002017145738779627,0.0022692889561270802,2
29,[0.59 7.11 2.24],11898,700,8528,2670,7,1,3,3,18,18,21,0.0015128593040847202,0.0017650025214321734,3
30,[0.59 7.11 4.  ],13974,677,8552,4745,13,3,5,5,34,26,44,0.0018605982539001001,0.0031487047373694003,0
30,[0.59 7.11 4.  ],13974,677,8552,4745,11,1,5,5,28,24,42,0.0017174753112924003,0.0030055817947617003,1
30,[0.59 7.11 4.  ],13974,677,8552,4745,13,4,5,4,35,30,35,0.0021468441391155,0.0025046514956347504,2
30,[0.59 7.11 4.  ],13974,677,8552,4745,10,1,5,4,26,26,31,0.0018605982539001001,0.00221840561041935,3
31,[0.59 7.11 6.79],17390,754,8599,8037,16,2,6,8,40,36,61,0.0020701552616446232,0.0035077630822311673,0
31,[0.59 7.11 6.79],17390,754,8599,8037,15,1,6,8,37,33,58,0.001897642323174238,0.003335250143760782,1
31,[0.59 7.11 6.79],17390,754,8599,8037,16,4,4,8,40,36,40,0.0020701552616446232,0.0023001725129384704,2
31,[0.59 7.11 6.79],17390,754,8599,8037,13,1,4,8,31,31,35,0.0017826336975273146,0.0020126509488211618,3
32,[0.59 7.11 7.11],17719,692,8460,8567,16,2,6,8,40,34,57,0.0019188441785653817,0.0032168858287713754,0
32,[0.59 7.11 7.11],17719,692,8460,8567,15,1,6,8,37,31,54,0.0017495343981037304,0.003047576048309724,1
32,[0.59 7.11 7.11],17719,692,8460,8567,16,4,4,8,40,36,40,0.002031717365539816,0.0022574637394886846,2
32,[0.59 7.11 7.11],17719,692,8460,8567,13,1,4,8,31,31,35,0.0017495343981037304,0.0019752807720525988,3
33,[0.59 7.11 8.09],19006,722,8726,9558,15,2,4,9,36,32,55,0.0016836788382616015,0.0028938230032621278,0
33,[0.59 7.11 8.09],19006,722,8726,9558,14,1,4,9,33,29,52,0.0015258339471745765,0.0027359781121751026,1
33,[0.59 7.11 8.09],19006,722,8726,9558,17,4,4,9,42,38,43,0.0019993686204356517,0.0022624434389140274,2
33,[0.59 7.11 8.09],19006,722,8726,9558,14,1,4,9,33,33,37,0.0017362938019572767,0.001946753656739977,3
34,[0.59 7.11 8.92],19805,707,8561,10537,18,2,6,10,44,33,61,0.0016662458975006311,0.0030800302953799545,0
34,[0.59 7.11 8.92],19805,707,8561,10537,17,1,6,10,41,36,63,0.0018177227972734158,0.0031810148952284775,1
34,[0.59 7.11 8.92],19805,707,8561,10537,18,4,4,10,44,40,44,0.002019691996970462,0.002221661196667508,2
34,[0.59 7.11 8.92],19805,707,8561,10537,15,1,4,10,35,35,39,0.0017672304973491543,0.0019691996970462003,3
35,[0.59 8.09 0.59],11289,752,9791,746,12,4,5,3,33,26,41,0.002303126937726991,0.00363185401718487,0
35,[0.59 8.09 0.59],11289,752,9791,746,7,1,5,1,20,18,27,0.0015944724953494552,0.0023917087430241827,1
35,[0.59 8.09 0.59],11289,752,9791,746,10,4,5,1,29,24,30,0.002125963327132607,0.0026574541589157587,2
35,[0.59 8.09 0.59],11289,752,9791,746,7,1,5,1,20,20,25,0.001771636105943839,0.002214545132429799,3
36,[0.59 8.09 2.24],13055,676,9671,2708,13,4,6,3,36,27,40,0.002068173113749521,0.003063960168517809,0
36,[0.59 8.09 2.24],13055,676,9671,2708,10,1,6,3,27,24,37,0.0018383761011106857,0.0028341631558789736,1
36,[0.59 8.09 2.24],13055,676,9671,2708,13,5,5,3,36,31,37,0.0023745691306013023,0.0028341631558789736,2
36,[0.59 8.09 2.24],13055,676,9671,2708,9,1,5,3,24,24,29,0.0018383761011106857,0.002221371122175412,3
37,[0.59 8.09 4.  ],15304,734,9759,4811,13,3,5,5,34,30,44,0.0019602718243596443,0.002875065342394145,0
37,[0.59 8.09 4.  ],15304,734,9759,4811,10,1,4,5,25,23,35,0.0015028750653423941,0.002286983795086252,1
37,[0.59 8.09 4.  ],15304,734,9759,4811,15,5,5,5,40,35,40,0.002286983795086252,0.0026136957658128594,2
37,[0.59 8.09 4.  ],15304,734,9759,4811,11,1,5,5,28,28,33,0.0018295870360690017,0.002156299006795609,3
38,[0.59 8.09 6.79],18709,676,9806,8227,13,1,5,7,32,28,49,0.0014966059115933507,0.0026190603452883638,0
38,[0.59 8.09 6.79],18709,676,9806,8227,13,1,5,7,32,28,49,0.0014966059115933507,0.0026190603452883638,1
38,[0.59 8.09 6.79],18709,676,9806,8227,15,4,4,7,38,34,38,0.0018173071783633545,0.0020311080228766903,2
38,[0.59 8.09 6.79],18709,676,9806,8227,12,1,4,7,29,29,33,0.0015500561227216848,0.0017638569672350207,3
39,[0.59 8.09 7.11],18748,693,9655,8400,15,1,5,9,36,33,56,0.0017601877533603583,0.002986985278429699,0
39,[0.59 8.09 7.11],18748,693,9655,8400,15,1,5,9,36,33,56,0.0017601877533603583,0.002986985278429699,1
39,[0.59 8.09 7.11],18748,693,9655,8400,19,5,5,9,48,43,49,0.0022935779816513763,0.0026136121186259866,2
39,[0.59 8.09 7.11],18748,693,9655,8400,15,1,5,9,36,36,41,0.0019202048218476637,0.0021868999359931727,3
40,[0.59 8.09 8.09],20080,724,9756,9600,15,1,5,9,36,33,56,0.0016434262948207172,0.0027888446215139444,0
40,[0.59 8.09 8.09],20080,724,9756,9600,15,1,5,9,36,33,56,0.0016434262948207172,0.0027888446215139444,1
40,[0.59 8.09 8.09],20080,724,9756,9600,19,5,5,9,48,43,48,0.0021414342629482073,0.002390438247011952,2
40,[0.59 8.09 8.09],20080,724,9756,9600,15,1,5,9,36,36,41,0.0017928286852589642,0.002041832669322709,3
41,[0.59 8.09 8.92],21102,694,9755,10653,20,1,8,11,49,37,69,0.0017533883044261209,0.003269832243389252,0
41,[0.59 8.09 8.92],21102,694,9755,10653,20,1,8,11,49,42,74,0.00199033266988911,0.0035067766088522417,1
41,[0.59 8.09 8.92],21102,694,9755,10653,22,5,6,11,55,49,55,0.002322054781537295,0.002606388020092882,2
41,[0.59 8.09 8.92],21102,694,9755,10653,18,1,6,11,43,43,49,0.002037721542981708,0.002322054781537295,3
42,[0.59 8.92 0.59],12206,730,10756,720,12,5,5,2,34,28,33,0.002293953793216451,0.00270358839914796,0
42,[0.59 8.92 0.59],12206,730,10756,720,8,1,5,2,22,20,28,0.0016385384237260364,0.002293953793216451,1
42,[0.59 8.92 0.59],12206,730,10756,720,12,5,6,1,35,29,35,0.0023758807144027526,0.0028674422415205635,2
42,[0.59 8.92 0.59],12206,730,10756,720,8,1,6,1,23,23,29,0.0018843191872849419,0.0023758807144027526,3
43,[0.59 8.92 2.24],14088,668,10695,2725,11,2,6,3,30,21,39,0.0014906303236797275,0.002768313458262351,0
43,[0.59 8.92 2.24],14088,668,10695,2725,9,1,6,2,25,23,34,0.00163259511641113,0.0024134014764338445,1
43,[0.59 8.92 2.24],14088,668,10695,2725,14,6,5,3,39,34,40,0.0024134014764338445,0.0028392958546280523,2
43,[0.59 8.92 2.24],14088,668,10695,2725,9,1,5,3,24,24,29,0.0017035775127768314,0.0020584894946053377,3
44,[0.59 8.92 4.  ],16286,698,10882,4706,11,1,6,4,29,26,39,0.0015964632199435098,0.0023946948299152647,0
44,[0.59 8.92 4.  ],16286,698,10882,4706,11,1,6,4,29,26,39,0.0015964632199435098,0.0023946948299152647,1
44,[0.59 8.92 4.  ],16286,698,10882,4706,15,5,5,5,40,35,40,0.0021490851037701095,0.0024560972614515535,2
44,[0.59 8.92 4.  ],16286,698,10882,4706,11,1,5,5,28,28,33,0.0017192680830160874,0.0020262802406975314,3
45,[0.59 8.92 6.79],19613,729,10711,8173,16,2,7,7,41,36,58,0.0018355172589608934,0.002957222250548106,0
45,[0.59 8.92 6.79],19613,729,10711,8173,15,1,7,7,38,33,55,0.0016825574873808188,0.0028042624789680315,1
45,[0.59 8.92 6.79],19613,729,10711,8173,17,5,5,7,44,39,44,0.0019884770305409675,0.002243409983174425,2
45,[0.59 8.92 6.79],19613,729,10711,8173,13,1,5,7,32,32,37,0.0016315708968541274,0.0018865038494875848,3
46,[0.59 8.92 7.11],19760,701,10524,8535,17,1,7,9,42,36,65,0.0018218623481781376,0.003289473684210526,0
46,[0.59 8.92 7.11],19760,701,10524,8535,17,1,7,9,42,36,65,0.0018218623481781376,0.003289473684210526,1
46,[0.59 8.92 7.11],19760,701,10524,8535,20,6,5,9,51,46,51,0.002327935222672065,0.0025809716599190283,2
46,[0.59 8.92 7.11],19760,701,10524,8535,15,1,5,9,36,36,41,0.0018218623481781376,0.002074898785425101,3
47,[0.59 8.92 8.09],21198,723,10623,9852,20,2,8,10,50,36,69,0.0016982734220209455,0.0032550240588734786,0
47,[0.59 8.92 8.09],21198,723,10623,9852,19,1,8,10,47,39,72,0.0018397962071893576,0.003396546844041891,1
47,[0.59 8.92 8.09],21198,723,10623,9852,21,6,5,10,53,48,54,0.0022643645626945937,0.002547410133031418,2
47,[0.59 8.92 8.09],21198,723,10623,9852,16,1,5,10,38,38,43,0.0017926219454665535,0.0020284932540805736,3
48,[0.59 8.92 8.92],22029,716,10733,10580,22,5,7,10,56,43,76,0.0019519724000181579,0.003449997730264651,0
48,[0.59 8.92 8.92],22029,716,10733,10580,18,1,7,10,44,38,70,0.0017249988651323255,0.0031776294884016524,1
48,[0.59 8.92 8.92],22029,716,10733,10580,21,6,5,10,53,48,53,0.00217894593490399,0.0024059194697898223,2
48,[0.59 8.92 8.92],22029,716,10733,10580,16,1,5,10,38,38,43,0.0017249988651323255,0.0019519724000181579,3
49,[2.24 0.59 0.59],4162,2731,719,712,4,2,1,1,11,8,10,0.0019221528111484864,0.002402691013935608,0
49,[2.24 0.59 0.59],4162,2731,719,712,5,3,1,1,14,13,14,0.0031234983181162904,0.003363767419509851,1
49,[2.24 0.59 0.59],4162,2731,719,712,5,3,1,1,14,12,14,0.0028832292167227293,0.003363767419509851,2
49,[2.24 0.59 0.59],4162,2731,719,712,5,3,1,1,14,14,15,0.003363767419509851,0.0036040365209034117,3
50,[2.24 0.59 2.24],5988,2678,704,2606,8,3,2,3,21,16,20,0.0026720106880427524,0.0033400133600534404,0
50,[2.24 0.59 2.24],5988,2678,704,2606,7,2,2,3,18,16,20,0.0026720106880427524,0.0033400133600534404,1
50,[2.24 0.59 2.24],5988,2678,704,2606,7,3,1,3,18,16,17,0.0026720106880427524,0.0028390113560454243,2
50,[2.24 0.59 2.24],5988,2678,704,2606,6,2,1,3,15,15,16,0.00250501002004008,0.0026720106880427524,3
51,[2.24 0.59 4.  ],8175,2707,677,4791,9,2,2,5,22,18,24,0.0022018348623853213,0.0029357798165137615,0
51,[2.24 0.59 4.  ],8175,2707,677,4791,10,3,2,5,25,23,29,0.0028134556574923547,0.0035474006116207953,1
51,[2.24 0.59 4.  ],8175,2707,677,4791,8,2,1,5,19,18,19,0.0022018348623853213,0.0023241590214067276,2
51,[2.24 0.59 4.  ],8175,2707,677,4791,9,3,1,5,22,22,23,0.002691131498470948,0.0028134556574923547,3
52,[2.24 0.59 6.79],11565,2699,691,8175,16,4,3,9,39,30,49,0.0025940337224383916,0.004236921746649373,0
52,[2.24 0.59 6.79],11565,2699,691,8175,14,2,3,9,33,28,46,0.002421098140942499,0.003977518374405534,1
52,[2.24 0.59 6.79],11565,2699,691,8175,13,3,1,9,30,28,29,0.002421098140942499,0.0025075659316904455,2
52,[2.24 0.59 6.79],11565,2699,691,8175,12,2,1,9,27,27,28,0.0023346303501945525,0.002421098140942499,3
53,[2.24 0.59 7.11],11734,2587,668,8479,14,3,3,8,34,26,40,0.002215783194136697,0.0034088972217487645,0
53,[2.24 0.59 7.11],11734,2587,668,8479,13,2,3,8,31,27,40,0.002301005624680416,0.0034088972217487645,1
53,[2.24 0.59 7.11],11734,2587,668,8479,11,2,1,8,25,23,25,0.0019601159025055396,0.0021305607635929776,2
53,[2.24 0.59 7.11],11734,2587,668,8479,11,2,1,8,25,25,26,0.0021305607635929776,0.002215783194136697,3
54,[2.24 0.59 8.09],13118,2659,688,9771,14,2,4,8,34,26,43,0.0019820094526604667,0.003277938710169233,0
54,[2.24 0.59 8.09],13118,2659,688,9771,14,2,4,8,34,29,45,0.0022107028510443666,0.0034304009757584997,1
54,[2.24 0.59 8.09],13118,2659,688,9771,11,2,1,8,25,24,25,0.0018295471870711998,0.0019057783198658332,2
54,[2.24 0.59 8.09],13118,2659,688,9771,11,2,1,8,25,25,26,0.0019057783198658332,0.0019820094526604667,3
55,[2.24 0.59 8.92],14208,2663,720,10825,19,3,5,11,46,34,55,0.002393018018018018,0.0038710585585585585,0
55,[2.24 0.59 8.92],14208,2663,720,10825,18,2,5,11,43,37,58,0.0026041666666666665,0.004082207207207207,1
55,[2.24 0.59 8.92],14208,2663,720,10825,14,2,1,11,31,30,31,0.0021114864864864866,0.002181869369369369,2
55,[2.24 0.59 8.92],14208,2663,720,10825,14,2,1,11,31,31,32,0.002181869369369369,0.0022522522522522522,3
56,[2.24 2.24 0.59],6144,2737,2695,712,8,5,2,1,23,18,20,0.0029296875,0.0032552083333333335,0
56,[2.24 2.24 0.59],6144,2737,2695,712,6,3,2,1,17,15,17,0.00244140625,0.0027669270833333335,1
56,[2.24 2.24 0.59],6144,2737,2695,712,5,3,1,1,14,12,14,0.001953125,0.0022786458333333335,2
56,[2.24 2.24 0.59],6144,2737,2695,712,5,3,1,1,14,14,15,0.0022786458333333335,0.00244140625,3
57,[2.24 2.24 2.24],8006,2639,2689,2678,8,3,2,3,21,17,24,0.0021234074444166874,0.0029977516862353237,0
57,[2.24 2.24 2.24],8006,2639,2689,2678,8,3,2,3,21,20,26,0.002498126405196103,0.003247564326754934,1
57,[2.24 2.24 2.24],8006,2639,2689,2678,6,2,1,3,15,14,15,0.0017486884836372721,0.0018735948038970773,2
57,[2.24 2.24 2.24],8006,2639,2689,2678,7,3,1,3,18,18,19,0.0022483137646764927,0.0023732200849362977,3
58,[2.24 2.24 4.  ],10120,2769,2576,4775,10,3,2,5,25,20,27,0.001976284584980237,0.0026679841897233204,0
58,[2.24 2.24 4.  ],10120,2769,2576,4775,9,2,2,5,22,20,27,0.001976284584980237,0.0026679841897233204,1
58,[2.24 2.24 4.  ],10120,2769,2576,4775,9,3,1,5,22,20,21,0.001976284584980237,0.002075098814229249,2
58,[2.24 2.24 4.  ],10120,2769,2576,4775,8,2,1,5,19,19,20,0.0018774703557312253,0.001976284584980237,3
59,[2.24 2.24 6.79],13647,2716,2739,8192,15,2,3,10,35,27,46,0.0019784568036931194,0.003370704184069759,0
59,[2.24 2.24 6.79],13647,2716,2739,8192,16,3,3,10,38,33,52,0.0024181138711804793,0.003810361251557119,1
59,[2.24 2.24 6.79],13647,2716,2739,8192,13,3,1,9,30,28,29,0.0020517329816076794,0.0021250091595222394,2
59,[2.24 2.24 6.79],13647,2716,2739,8192,13,3,1,9,30,30,31,0.0021982853374367993,0.0022715615153513593,3
60,[2.24 2.24 7.11],13934,2779,2678,8477,15,3,4,8,37,28,41,0.0020094732309458877,0.002942442945313621,0
60,[2.24 2.24 7.11],13934,2779,2678,8477,14,2,4,8,34,30,43,0.002153007033156308,0.003085976747524042,1
60,[2.24 2.24 7.11],13934,2779,2678,8477,11,2,1,8,25,24,25,0.0017224056265250467,0.0017941725276302569,2
60,[2.24 2.24 7.11],13934,2779,2678,8477,11,2,1,8,25,25,26,0.0017941725276302569,0.001865939428735467,3
61,[2.24 2.24 8.09],14965,2705,2706,9554,19,4,5,10,47,36,51,0.002405613097226863,0.0034079518877380556,0
61,[2.24 2.24 8.09],14965,2705,2706,9554,18,3,5,10,44,39,54,0.002606080855329101,0.003608419645840294,1
61,[2.24 2.24 8.09],14965,2705,2706,9554,14,2,2,10,32,30,33,0.0020046775810223854,0.002205145339124624,2
61,[2.24 2.24 8.09],14965,2705,2706,9554,15,3,2,10,35,35,37,0.0023387905111927833,0.002472435683260942,3
62,[2.24 2.24 8.92],16049,2683,2745,10621,19,3,5,11,46,35,57,0.002180821234967911,0.0035516231540905973,0
62,[2.24 2.24 8.92],16049,2683,2745,10621,19,3,5,11,46,40,61,0.0024923671256776125,0.003800859866658359,1
62,[2.24 2.24 8.92],16049,2683,2745,10621,15,3,1,11,34,32,34,0.0019938937005420897,0.0021185120568259705,2
62,[2.24 2.24 8.92],16049,2683,2745,10621,15,3,1,11,34,34,35,0.0021185120568259705,0.002180821234967911,3
63,[2.24 4.   0.59],8116,2572,4819,725,8,3,3,2,22,17,26,0.002094627895515032,0.0032035485460818135,0
63,[2.24 4.   0.59],8116,2572,4819,725,5,2,3,0,15,15,17,0.0018482010842779694,0.002094627895515032,1
63,[2.24 4.   0.59],8116,2572,4819,725,8,4,3,1,23,19,22,0.0023410547067520947,0.0027106949236076886,2
63,[2.24 4.   0.59],8116,2572,4819,725,6,2,3,1,17,17,20,0.002094627895515032,0.0024642681123706258,3
64,[2.24 4.   2.24],10031,2721,4739,2571,11,4,4,3,30,22,33,0.0021932010766623467,0.0032898016149935203,0
64,[2.24 4.   2.24],10031,2721,4739,2571,10,3,4,3,27,24,34,0.0023925829927225603,0.003389492573023627,1
64,[2.24 4.   2.24],10031,2721,4739,2571,9,4,2,3,24,22,25,0.0021932010766623467,0.002492273950752667,2
64,[2.24 4.   2.24],10031,2721,4739,2571,8,3,2,3,21,21,23,0.00209351011863224,0.0022928920346924533,3
65,[2.24 4.   4.  ],12159,2633,4663,4863,13,4,3,6,33,28,38,0.002302820955670697,0.003125257011267374,0
65,[2.24 4.   4.  ],12159,2633,4663,4863,12,3,3,6,30,28,38,0.002302820955670697,0.003125257011267374,1
65,[2.24 4.   4.  ],12159,2633,4663,4863,13,4,3,6,33,30,33,0.002467308166790032,0.002714038983469035,2
65,[2.24 4.   4.  ],12159,2633,4663,4863,12,3,3,6,30,30,33,0.002467308166790032,0.002714038983469035,3
66,[2.24 4.   6.79],15574,2620,4796,8158,17,4,4,9,42,34,52,0.0021831257223577758,0.00333889816360601,0
66,[2.24 4.   6.79],15574,2620,4796,8158,16,3,4,9,39,35,53,0.002247335302427122,0.0034031077436753564,1
66,[2.24 4.   6.79],15574,2620,4796,8158,15,4,2,9,36,34,36,0.0021831257223577758,0.0023115448824964683,2
66,[2.24 4.   6.79],15574,2620,4796,8158,14,3,2,9,33,33,35,0.0021189161422884295,0.002247335302427122,3
67,[2.24 4.   7.11],16057,2755,4734,8568,17,4,4,9,42,34,53,0.0021174565610014326,0.0033007411097963507,0
67,[2.24 4.   7.11],16057,2755,4734,8568,16,3,4,9,39,35,54,0.0021797346951485334,0.0033630192439434515,1
67,[2.24 4.   7.11],16057,2755,4734,8568,14,3,2,9,33,31,33,0.0019306221585601295,0.0020551784268543313,2
67,[2.24 4.   7.11],16057,2755,4734,8568,14,3,2,9,33,33,35,0.0020551784268543313,0.0021797346951485334,3
68,[2.24 4.   8.09],17182,2745,4829,9608,17,4,4,9,42,34,50,0.001978815038994296,0.002910022116168083,0
68,[2.24 4.   8.09],17182,2745,4829,9608,16,3,4,9,39,35,51,0.002037015481317658,0.0029682225584914445,1
68,[2.24 4.   8.09],17182,2745,4829,9608,16,5,2,9,39,36,40,0.0020952159236410197,0.0023280176929344663,2
68,[2.24 4.   8.09],17182,2745,4829,9608,14,3,2,9,33,33,35,0.0019206145966709346,0.002037015481317658,3
69,[2.24 4.   8.92],18223,2702,4850,10671,18,3,4,11,43,34,57,0.0018657740218405313,0.0031279152719091256,0
69,[2.24 4.   8.92],18223,2702,4850,10671,18,3,4,11,43,38,60,0.002085276847939417,0.0032925423914832905,1
69,[2.24 4.   8.92],18223,2702,4850,10671,17,4,2,11,40,38,40,0.002085276847939417,0.00219502826098886,2
69,[2.24 4.   8.92],18223,2702,4850,10671,16,3,2,11,37,37,39,0.0020304011414146957,0.002140152554464139,3
70,[2.24 6.79 0.59],11630,2724,8176,730,10,5,4,1,29,24,29,0.002063628546861565,0.0024935511607910577,0
70,[2.24 6.79 0.59],11630,2724,8176,730,8,3,4,1,23,22,27,0.001891659501289768,0.0023215821152192603,1
70,[2.24 6.79 0.59],11630,2724,8176,730,10,5,4,1,29,25,29,0.0021496130696474634,0.0024935511607910577,2
70,[2.24 6.79 0.59],11630,2724,8176,730,8,3,4,1,23,23,27,0.0019776440240756666,0.0023215821152192603,3
71,[2.24 6.79 2.24],13572,2795,8056,2721,10,3,4,3,27,21,31,0.0015473032714412025,0.0022841143530798703,0
71,[2.24 6.79 2.24],13572,2795,8056,2721,9,2,4,3,24,22,31,0.0016209843796050692,0.0022841143530798703,1
71,[2.24 6.79 2.24],13572,2795,8056,2721,12,5,4,3,33,29,34,0.002136752136752137,0.0025051576775714708,2
71,[2.24 6.79 2.24],13572,2795,8056,2721,9,2,4,3,24,24,28,0.0017683465959328027,0.00206307102858827,3
72,[2.24 6.79 4.  ],15592,2704,8189,4699,13,5,4,4,35,30,43,0.0019240636223704464,0.0027578245253976398,0
72,[2.24 6.79 4.  ],15592,2704,8189,4699,11,3,4,4,29,28,40,0.0017957927142124167,0.002565418163160595,1
72,[2.24 6.79 4.  ],15592,2704,8189,4699,13,5,4,4,35,31,35,0.0019881990764494613,0.0022447408927655206,2
72,[2.24 6.79 4.  ],15592,2704,8189,4699,11,3,4,4,29,29,33,0.0018599281682914314,0.002116469984607491,3
73,[2.24 6.79 6.79],18927,2595,8204,8128,20,5,6,9,51,40,63,0.0021133829978337826,0.0033285782215882074,0
73,[2.24 6.79 6.79],18927,2595,8204,8128,17,2,6,9,42,37,60,0.001954879272996249,0.0031700744967506737,1
73,[2.24 6.79 6.79],18927,2595,8204,8128,17,4,4,9,42,38,43,0.0020077138479420932,0.0022718867226713163,2
73,[2.24 6.79 6.79],18927,2595,8204,8128,15,2,4,9,36,36,40,0.0019020446980504042,0.0021133829978337826,3
74,[2.24 6.79 7.11],19347,2681,8109,8557,18,4,5,9,45,39,59,0.002015816405644286,0.0030495684085387917,0
74,[2.24 6.79 7.11],19347,2681,8109,8557,16,2,5,9,39,34,54,0.0017573784049206595,0.002791130407815165,1
74,[2.24 6.79 7.11],19347,2681,8109,8557,18,5,4,9,45,41,45,0.0021191916059337366,0.0023259420065126378,2
74,[2.24 6.79 7.11],19347,2681,8109,8557,15,2,4,9,36,36,40,0.00186075360521011,0.002067504005789011,3
75,[2.24 6.79 8.09],20717,2704,8193,9820,20,4,6,10,50,38,65,0.0018342424096152918,0.003137519911184052,0
75,[2.24 6.79 8.09],20717,2704,8193,9820,19,3,6,10,47,41,67,0.0019790510209007094,0.0032340589853743305,1
75,[2.24 6.79 8.09],20717,2704,8193,9820,19,5,4,10,47,43,47,0.002075590095090988,0.002268668243471545,2
75,[2.24 6.79 8.09],20717,2704,8193,9820,17,3,4,10,41,41,45,0.0019790510209007094,0.0021721291692812666,3
76,[2.24 6.79 8.92],21636,2726,8160,10750,20,4,6,10,50,39,64,0.00180255130338325,0.002958032908116103,0
76,[2.24 6.79 8.92],21636,2726,8160,10750,19,3,6,10,47,42,67,0.0019412090959511925,0.003096690700684045,1
76,[2.24 6.79 8.92],21636,2726,8160,10750,19,5,4,10,47,43,47,0.0019874283601405067,0.002172305416897763,2
76,[2.24 6.79 8.92],21636,2726,8160,10750,17,3,4,10,41,41,45,0.0018949898317618783,0.0020798668885191347,3
77,[2.24 7.11 0.59],11767,2715,8373,679,9,4,4,1,26,22,26,0.0018696354210928868,0.0022095691340188665,0
77,[2.24 7.11 0.59],11767,2715,8373,679,8,3,4,1,23,21,30,0.001784651992861392,0.002549502846944846,1
77,[2.24 7.11 0.59],11767,2715,8373,679,9,4,4,1,26,22,26,0.0018696354210928868,0.0022095691340188665,2
77,[2.24 7.11 0.59],11767,2715,8373,679,8,3,4,1,23,23,27,0.0019546188493243816,0.0022945525622503613,3
78,[2.24 7.11 2.24],13967,2639,8567,2761,13,4,6,3,36,27,37,0.00193312808763514,0.0026491014534259327,0
78,[2.24 7.11 2.24],13967,2639,8567,2761,11,3,5,3,30,28,35,0.002004725424214219,0.002505906780267774,1
78,[2.24 7.11 2.24],13967,2639,8567,2761,13,6,4,3,36,32,37,0.0022911147705305364,0.0026491014534259327,2
78,[2.24 7.11 2.24],13967,2639,8567,2761,10,3,4,3,27,27,31,0.00193312808763514,0.002219517433951457,3
79,[2.24 7.11 4.  ],15961,2634,8598,4729,16,5,6,5,43,34,54,0.0021301923438381055,0.003383246663742873,0
79,[2.24 7.11 4.  ],15961,2634,8598,4729,13,3,5,5,34,31,49,0.0019422341958523902,0.003069983083766681,1
79,[2.24 7.11 4.  ],15961,2634,8598,4729,13,4,4,5,34,30,36,0.0018795814798571518,0.0022554977758285823,2
79,[2.24 7.11 4.  ],15961,2634,8598,4729,12,3,4,5,31,31,35,0.0019422341958523902,0.0021928450598333437,3
80,[2.24 7.11 6.79],19329,2646,8498,8185,18,4,7,7,47,36,58,0.0018624864193698587,0.003000672564540328,0
80,[2.24 7.11 6.79],19329,2646,8498,8185,17,3,7,7,44,39,60,0.002017693620984014,0.0031041440322830977,1
80,[2.24 7.11 6.79],19329,2646,8498,8185,17,5,4,8,43,39,44,0.002017693620984014,0.0022763722903409384,2
80,[2.24 7.11 6.79],19329,2646,8498,8185,15,3,4,8,37,37,41,0.0019142221532412436,0.0021211650887267837,3
81,[2.24 7.11 7.11],19755,2685,8556,8514,20,6,6,8,52,41,66,0.002075423943305492,0.003340926347760061,0
81,[2.24 7.11 7.11],19755,2685,8556,8514,16,2,6,8,40,35,59,0.001771703366236396,0.0029865856745127815,1
81,[2.24 7.11 7.11],19755,2685,8556,8514,17,5,4,8,43,39,44,0.0019741837509491267,0.0022272842318400406,2
81,[2.24 7.11 7.11],19755,2685,8556,8514,14,2,4,8,34,34,38,0.0017210832700582132,0.0019235636547709442,3
82,[2.24 7.11 8.09],21006,2787,8532,9687,21,5,7,9,54,41,73,0.0019518232885842141,0.0034751975626011616,0
82,[2.24 7.11 8.09],21006,2787,8532,9687,18,2,7,9,45,39,70,0.0018566123964581548,0.003332381224412073,1
82,[2.24 7.11 8.09],21006,2787,8532,9687,18,5,4,9,45,41,46,0.0019518232885842141,0.002189850518899362,2
82,[2.24 7.11 8.09],21006,2787,8532,9687,15,2,4,9,36,36,40,0.001713796058269066,0.0019042178425211845,3
83,[2.24 7.11 8.92],22141,2679,8765,10697,21,5,5,11,52,43,69,0.0019420983695406712,0.003116390406937356,0
83,[2.24 7.11 8.92],22141,2679,8765,10697,18,2,5,11,43,39,65,0.0017614380560950274,0.0029357300934917123,1
83,[2.24 7.11 8.92],22141,2679,8765,10697,20,5,4,11,49,45,49,0.002032428526263493,0.002213088839709137,2
83,[2.24 7.11 8.92],22141,2679,8765,10697,17,2,4,11,40,40,44,0.0018066031344564383,0.001987263447902082,3
84,[2.24 8.09 0.59],13168,2694,9783,691,11,4,5,2,31,26,37,0.001974483596597813,0.002809842041312272,0
84,[2.24 8.09 0.59],13168,2694,9783,691,8,2,5,1,23,23,28,0.0017466585662211421,0.00212636695018226,1
84,[2.24 8.09 0.59],13168,2694,9783,691,12,6,5,1,35,30,35,0.002278250303766707,0.002657958687727825,2
84,[2.24 8.09 0.59],13168,2694,9783,691,8,2,5,1,23,23,28,0.0017466585662211421,0.00212636695018226,3
85,[2.24 8.09 2.24],14948,2672,9647,2629,15,6,7,2,43,32,48,0.0021407546160021407,0.003211131924003211,0
85,[2.24 8.09 2.24],14948,2672,9647,2629,10,2,6,2,28,25,38,0.0016724645437516724,0.002542146106502542,1
85,[2.24 8.09 2.24],14948,2672,9647,2629,13,5,5,3,36,31,36,0.002073856034252074,0.002408348943002408,2
85,[2.24 8.09 2.24],14948,2672,9647,2629,10,2,5,3,27,27,32,0.0018062617072518064,0.0021407546160021407,3
86,[2.24 8.09 4.  ],17012,2753,9497,4762,15,4,7,4,41,29,44,0.0017046790500822948,0.0025864095932283094,0
86,[2.24 8.09 4.  ],17012,2753,9497,4762,13,3,5,5,34,29,45,0.0017046790500822948,0.0026451916294380436,1
86,[2.24 8.09 4.  ],17012,2753,9497,4762,14,6,4,4,38,33,40,0.0019398071949212321,0.0023512814483893723,2
86,[2.24 8.09 4.  ],17012,2753,9497,4762,11,3,4,4,29,29,33,0.0017046790500822948,0.0019398071949212321,3
87,[2.24 8.09 6.79],20594,2673,9694,8227,20,6,6,8,52,43,64,0.0020879867922695933,0.0031077012722152083,0
87,[2.24 8.09 6.79],20594,2673,9694,8227,17,3,6,8,43,40,60,0.0019423132951345051,0.002913469942701758,1
87,[2.24 8.09 6.79],20594,2673,9694,8227,19,6,5,8,49,44,50,0.0021365446246479555,0.0024278916189181313,2
87,[2.24 8.09 6.79],20594,2673,9694,8227,16,3,5,8,40,40,45,0.0019423132951345051,0.0021851024570263182,3
88,[2.24 8.09 7.11],21007,2730,9795,8482,19,5,6,8,49,41,70,0.0019517303755890894,0.003332222592469177,0
88,[2.24 8.09 7.11],21007,2730,9795,8482,17,3,6,8,43,38,66,0.001808920835911839,0.00314180987289951,1
88,[2.24 8.09 7.11],21007,2730,9795,8482,20,7,5,8,52,47,53,0.00223734945494359,0.002522968534298091,2
88,[2.24 8.09 7.11],21007,2730,9795,8482,16,3,5,8,40,40,45,0.0019041271956966724,0.0021421430951587567,3
89,[2.24 8.09 8.09],22097,2685,9768,9644,20,4,7,9,51,42,70,0.0019007105036882835,0.0031678508394804724,0
89,[2.24 8.09 8.09],22097,2685,9768,9644,19,3,7,9,48,42,70,0.0019007105036882835,0.0031678508394804724,1
89,[2.24 8.09 8.09],22097,2685,9768,9644,20,6,5,9,51,46,52,0.0020817305516585964,0.002353260623614065,2
89,[2.24 8.09 8.09],22097,2685,9768,9644,17,3,5,9,42,42,47,0.0019007105036882835,0.0021269855636511744,3
90,[2.24 8.09 8.92],23083,2712,9667,10704,21,4,6,11,52,44,75,0.0019061647099597107,0.0032491443919767794,0
90,[2.24 8.09 8.92],23083,2712,9667,10704,20,3,6,11,49,43,74,0.0018628427847333536,0.0032058224667504223,1
90,[2.24 8.09 8.92],23083,2712,9667,10704,22,6,5,11,55,50,57,0.002166096261317853,0.0024693497379023525,2
90,[2.24 8.09 8.92],23083,2712,9667,10704,19,3,5,11,46,46,51,0.001992808560412425,0.00220941818654421,3
91,[2.24 8.92 0.59],14085,2676,10715,694,13,6,6,1,38,31,37,0.002200922967696131,0.0026269080582179624,0
91,[2.24 8.92 0.59],14085,2676,10715,694,10,3,5,2,28,24,34,0.0017039403620873268,0.0024139155129570466,1
91,[2.24 8.92 0.59],14085,2676,10715,694,13,7,5,1,38,33,39,0.0023429179978700747,0.0027689030883919063,2
91,[2.24 8.92 0.59],14085,2676,10715,694,9,3,5,1,26,26,31,0.001845935392261271,0.002200922967696131,3
92,[2.24 8.92 2.24],16050,2618,10659,2773,12,5,5,2,34,27,36,0.0016822429906542056,0.0022429906542056075,0
92,[2.24 8.92 2.24],16050,2618,10659,2773,11,3,5,3,30,27,37,0.0016822429906542056,0.0023052959501557633,1
92,[2.24 8.92 2.24],16050,2618,10659,2773,13,5,5,3,36,31,37,0.0019314641744548288,0.0023052959501557633,2
92,[2.24 8.92 2.24],16050,2618,10659,2773,11,3,5,3,30,30,35,0.001869158878504673,0.0021806853582554517,3
93,[2.24 8.92 4.  ],18050,2582,10637,4831,19,5,8,6,51,40,59,0.00221606648199446,0.0032686980609418284,0
93,[2.24 8.92 4.  ],18050,2582,10637,4831,17,3,8,6,45,40,58,0.00221606648199446,0.003213296398891967,1
93,[2.24 8.92 4.  ],18050,2582,10637,4831,16,6,5,5,43,38,43,0.002105263157894737,0.0023822714681440444,2
93,[2.24 8.92 4.  ],18050,2582,10637,4831,13,3,5,5,34,34,39,0.0018836565096952908,0.0021606648199445984,3
94,[2.24 8.92 6.79],21719,2593,10823,8303,21,5,8,8,55,47,74,0.0021640038675813803,0.0034071550255536627,0
94,[2.24 8.92 6.79],21719,2593,10823,8303,16,2,6,8,40,36,58,0.0016575348772963764,0.0026704728578663844,1
94,[2.24 8.92 6.79],21719,2593,10823,8303,19,6,5,8,49,44,50,0.0020258759611400156,0.002302131774022745,2
94,[2.24 8.92 6.79],21719,2593,10823,8303,15,2,5,8,37,37,42,0.0017035775127768314,0.0019337906901791058,3
95,[2.24 8.92 7.11],22002,2702,10832,8468,20,5,7,8,52,44,70,0.001999818198345605,0.0031815289519134624,0
95,[2.24 8.92 7.11],22002,2702,10832,8468,18,3,7,8,46,41,67,0.0018634669575493137,0.0030451777111171713,1
95,[2.24 8.92 7.11],22002,2702,10832,8468,20,7,5,8,52,47,52,0.0021361694391418963,0.002363421507135715,2
95,[2.24 8.92 7.11],22002,2702,10832,8468,16,3,5,8,40,40,45,0.00181801654395055,0.0020452686119443687,3
96,[2.24 8.92 8.09],23098,2581,10717,9800,20,3,8,9,51,40,74,0.0017317516668109794,0.003203740583600312,0
96,[2.24 8.92 8.09],23098,2581,10717,9800,18,2,7,9,45,40,70,0.0017317516668109794,0.003030565416919214,1
96,[2.24 8.92 8.09],23098,2581,10717,9800,21,6,6,9,54,48,55,0.0020781020001731754,0.0023811585418650966,2
96,[2.24 8.92 8.09],23098,2581,10717,9800,17,2,6,9,42,42,48,0.0018183392501515284,0.0020781020001731754,3
97,[2.24 8.92 8.92],24233,2641,10791,10801,21,4,6,11,52,45,72,0.0018569718978252796,0.0029711550365204473,0
97,[2.24 8.92 8.92],24233,2641,10791,10801,20,3,6,11,49,45,72,0.0018569718978252796,0.0029711550365204473,1
97,[2.24 8.92 8.92],24233,2641,10791,10801,23,7,5,11,58,53,60,0.0021871002352164405,0.002475962530433706,2
97,[2.24 8.92 8.92],24233,2641,10791,10801,19,3,5,11,46,46,51,0.0018982379399991747,0.0021045681508686503,3
98,[4.   0.59 0.59],6182,4801,713,668,7,5,1,1,20,16,17,0.002588159171789065,0.0027499191200258816,0
98,[4.   0.59 0.59],6182,4801,713,668,7,5,1,1,20,19,19,0.0030734390164995147,0.0030734390164995147,1
98,[4.   0.59 0.59],6182,4801,713,668,7,5,1,1,20,17,20,0.0027499191200258816,0.003235198964736331,2
98,[4.   0.59 0.59],6182,4801,713,668,7,5,1,1,20,20,21,0.003235198964736331,0.003396958912973148,3
99,[4.   0.59 2.24],8117,4766,706,2645,10,5,3,2,28,21,26,0.002587162744856474,0.003203153874584206,0
99,[4.   0.59 2.24],8117,4766,706,2645,10,5,3,2,28,26,30,0.003203153874584206,0.0036959467783663916,1
99,[4.   0.59 2.24],8117,4766,706,2645,8,5,1,2,22,19,22,0.0023407662929653813,0.0027103609708020206,2
99,[4.   0.59 2.24],8117,4766,706,2645,8,5,1,2,22,22,23,0.0027103609708020206,0.002833559196747567,3
100,[4.   0.59 4.  ],10263,4729,693,4841,11,5,1,5,28,23,33,0.0022410601188736236,0.003215434083601286,0
100,[4.   0.59 4.  ],10263,4729,693,4841,11,5,1,5,28,26,35,0.0025333723082919223,0.0034103088765468186,1
100,[4.   0.59 4.  ],10263,4729,693,4841,11,5,1,5,28,25,28,0.002435934911819156,0.002728247101237455,2
100,[4.   0.59 4.  ],10263,4729,693,4841,11,5,1,5,28,28,29,0.002728247101237455,0.0028256844977102213,3
101,[4.   0.59 6.79],13657,4812,669,8176,17,5,4,8,43,33,44,0.002416343267188987,0.00322179102291865,0
101,[4.   0.59 6.79],13657,4812,669,8176,17,5,4,8,43,39,48,0.002855678406677894,0.003514681115911254,1
101,[4.   0.59 6.79],13657,4812,669,8176,14,5,1,8,34,31,34,0.0022698982206926853,0.0024895657904371385,2
101,[4.   0.59 6.79],13657,4812,669,8176,14,5,1,8,34,34,35,0.0024895657904371385,0.0025627883136852894,3
102,[4.   0.59 7.11],14117,4700,724,8693,17,5,4,8,43,34,45,0.002408443720337182,0.0031876461004462704,0
102,[4.   0.59 7.11],14117,4700,724,8693,16,4,4,8,40,36,45,0.0025501168803570163,0.0031876461004462704,1
102,[4.   0.59 7.11],14117,4700,724,8693,14,5,1,8,34,31,33,0.002195933980307431,0.002337607140327265,2
102,[4.   0.59 7.11],14117,4700,724,8693,13,4,1,8,31,31,32,0.002195933980307431,0.002266770560317348,3
103,[4.   0.59 8.09],15356,4914,724,9718,19,5,4,10,47,36,51,0.0023443605105496223,0.003321177389945298,0
103,[4.   0.59 8.09],15356,4914,724,9718,19,5,4,10,47,42,55,0.0027350872623078926,0.0035816618911174787,1
103,[4.   0.59 8.09],15356,4914,724,9718,16,5,1,10,38,35,38,0.0022792393852565773,0.0024746027611357124,2
103,[4.   0.59 8.09],15356,4914,724,9718,16,5,1,10,38,38,39,0.0024746027611357124,0.0025397238864287575,3
104,[4.   0.59 8.92],16225,4739,746,10740,19,5,4,10,47,38,61,0.0023420647149460707,0.0037596302003081662,0
104,[4.   0.59 8.92],16225,4739,746,10740,19,5,4,10,47,42,64,0.002588597842835131,0.003944530046224961,1
104,[4.   0.59 8.92],16225,4739,746,10740,16,5,1,10,38,35,38,0.0021571648690292757,0.0023420647149460707,2
104,[4.   0.59 8.92],16225,4739,746,10740,16,5,1,10,38,38,39,0.0023420647149460707,0.002403697996918336,3
105,[4.   2.24 0.59],8315,4902,2715,698,6,4,1,1,17,15,17,0.0018039687312086591,0.0020444978953698136,0
105,[4.   2.24 0.59],8315,4902,2715,698,7,5,1,1,20,20,21,0.0024052916416115455,0.0025255562236921225,1
105,[4.   2.24 0.59],8315,4902,2715,698,8,5,2,1,23,20,24,0.0024052916416115455,0.0028863499699338544,2
105,[4.   2.24 0.59],8315,4902,2715,698,8,5,2,1,23,23,25,0.002766085387853277,0.003006614552014432,3
106,[4.   2.24 2.24],10240,4862,2708,2670,11,5,3,3,30,24,30,0.00234375,0.0029296875,0
106,[4.   2.24 2.24],10240,4862,2708,2670,10,4,3,3,27,25,30,0.00244140625,0.0029296875,1
106,[4.   2.24 2.24],10240,4862,2708,2670,10,5,2,3,27,23,27,0.00224609375,0.00263671875,2
106,[4.   2.24 2.24],10240,4862,2708,2670,9,4,2,3,24,24,26,0.00234375,0.0025390625,3
107,[4.   2.24 4.  ],12249,4793,2745,4711,12,5,2,5,31,25,35,0.0020409829373826435,0.002857376112335701,0
107,[4.   2.24 4.  ],12249,4793,2745,4711,11,4,2,5,28,26,34,0.0021226222548779493,0.0027757367948403953,1
107,[4.   2.24 4.  ],12249,4793,2745,4711,11,5,1,5,28,25,27,0.0020409829373826435,0.002204261572373255,2
107,[4.   2.24 4.  ],12249,4793,2745,4711,10,4,1,5,25,25,26,0.0020409829373826435,0.0021226222548779493,3
108,[4.   2.24 6.79],15628,4705,2751,8172,16,5,3,8,40,32,45,0.002047606859482979,0.0028794471461479395,0
108,[4.   2.24 6.79],15628,4705,2751,8172,16,5,3,8,40,36,49,0.002303557716918352,0.003135398003583312,1
108,[4.   2.24 6.79],15628,4705,2751,8172,15,5,2,8,37,34,38,0.0021755822882006653,0.002431533145636038,2
108,[4.   2.24 6.79],15628,4705,2751,8172,15,5,2,8,37,37,39,0.002367545431277195,0.002495520859994881,3
109,[4.   2.24 7.11],15983,4816,2657,8510,17,5,3,9,42,34,50,0.0021272602139773508,0.0031283238440843394,0
109,[4.   2.24 7.11],15983,4816,2657,8510,17,5,3,9,42,38,54,0.002377526121504098,0.0033785897516110867,1
109,[4.   2.24 7.11],15983,4816,2657,8510,16,5,2,9,39,35,39,0.0021898266908590377,0.002440092598385785,2
109,[4.   2.24 7.11],15983,4816,2657,8510,16,5,2,9,39,39,41,0.002440092598385785,0.0025652255521491584,3
110,[4.   2.24 8.09],17257,4920,2662,9675,21,7,4,10,53,41,57,0.002375847482181144,0.003303007475227444,0
110,[4.   2.24 8.09],17257,4920,2662,9675,19,5,4,10,47,42,58,0.0024337949817465378,0.003360954974792838,1
110,[4.   2.24 8.09],17257,4920,2662,9675,17,5,2,10,41,38,42,0.0022020049834849628,0.0024337949817465378,2
110,[4.   2.24 8.09],17257,4920,2662,9675,17,5,2,10,41,41,43,0.002375847482181144,0.002491742481311931,3
111,[4.   2.24 8.92],18074,4788,2605,10681,21,6,5,10,53,40,60,0.0022131238242779684,0.0033196857364169523,0
111,[4.   2.24 8.92],18074,4788,2605,10681,19,4,5,10,47,42,61,0.0023237800154918666,0.0033750138320239017,1
111,[4.   2.24 8.92],18074,4788,2605,10681,18,5,2,11,43,40,44,0.0022131238242779684,0.0024344362067057652,2
111,[4.   2.24 8.92],18074,4788,2605,10681,17,4,2,11,40,40,42,0.0022131238242779684,0.0023237800154918666,3
112,[4.   4.   0.59],10301,4873,4756,672,10,6,2,2,28,23,27,0.0022327929327249784,0.002621104747111931,0
112,[4.   4.   0.59],10301,4873,4756,672,9,5,2,2,25,24,27,0.0023298708863217165,0.002621104747111931,1
112,[4.   4.   0.59],10301,4873,4756,672,11,7,3,1,32,27,31,0.002621104747111931,0.0030094165614988834,2
112,[4.   4.   0.59],10301,4873,4756,672,9,5,3,1,26,26,29,0.0025240267935151928,0.002815260654305407,3
113,[4.   4.   2.24],12240,4660,4878,2702,12,6,3,3,33,27,36,0.0022058823529411764,0.0029411764705882353,0
113,[4.   4.   2.24],12240,4660,4878,2702,10,4,3,3,27,25,30,0.002042483660130719,0.0024509803921568627,1
113,[4.   4.   2.24],12240,4660,4878,2702,12,7,2,3,33,28,31,0.0022875816993464053,0.0025326797385620916,2
113,[4.   4.   2.24],12240,4660,4878,2702,9,4,2,3,24,24,26,0.00196078431372549,0.0021241830065359475,3
114,[4 4 4],14542,4758,4860,4924,15,6,4,5,40,32,44,0.002200522624123229,0.0030257186081694403,0
114,[4 4 4],14542,4758,4860,4924,13,4,4,5,34,32,43,0.002200522624123229,0.002956952276165589,1
114,[4 4 4],14542,4758,4860,4924,14,6,3,5,37,32,36,0.002200522624123229,0.002475587952138633,2
114,[4 4 4],14542,4758,4860,4924,12,4,3,5,31,31,34,0.0021317562921193784,0.002338055288130931,3
115,[4.   4.   6.79],17972,4885,4952,8135,17,5,4,8,43,35,57,0.001947473848208324,0.003171600267082128,0
115,[4.   4.   6.79],17972,4885,4952,8135,17,5,4,8,43,39,60,0.002170042288003561,0.0033385265969285557,1
115,[4.   4.   6.79],17972,4885,4952,8135,17,6,3,8,43,38,43,0.0021144001780547517,0.002392610727798798,2
115,[4.   4.   6.79],17972,4885,4952,8135,16,5,3,8,40,40,43,0.00222568439795237,0.002392610727798798,3
116,[4.   4.   7.11],18178,4862,4765,8551,19,7,4,8,49,39,58,0.002145450544614369,0.003190670040708549,0
116,[4.   4.   7.11],18178,4862,4765,8551,17,5,4,8,43,39,56,0.002145450544614369,0.0030806469358565297,1
116,[4.   4.   7.11],18178,4862,4765,8551,18,6,3,9,45,40,45,0.0022004620970403786,0.0024755198591704256,2
116,[4.   4.   7.11],18178,4862,4765,8551,17,5,3,9,42,42,45,0.0023104852018923975,0.0024755198591704256,3
117,[4.   4.   8.09],19468,5030,4829,9609,19,6,4,9,48,39,56,0.002003287446065338,0.0028765153071707416,0
117,[4.   4.   8.09],19468,5030,4829,9609,18,5,4,9,45,41,58,0.00210602013560715,0.002979247996712554,1
117,[4.   4.   8.09],19468,5030,4829,9609,18,7,2,9,45,40,43,0.002054653790836244,0.002208752825148962,2
117,[4.   4.   8.09],19468,5030,4829,9609,16,5,2,9,39,39,41,0.002003287446065338,0.00210602013560715,3
118,[4.   4.   8.92],20413,4734,4772,10907,21,6,5,10,53,42,61,0.0020575123695684124,0.0029882917748493606,0
118,[4.   4.   8.92],20413,4734,4772,10907,20,5,5,10,50,45,63,0.0022044775388232987,0.0030862685543526186,1
118,[4.   4.   8.92],20413,4734,4772,10907,20,6,3,11,49,44,49,0.00215548914907167,0.0024004310978298143,2
118,[4.   4.   8.92],20413,4734,4772,10907,19,5,3,11,46,46,49,0.002253465928574928,0.0024004310978298143,3
119,[4.   6.79 0.59],13700,4910,8101,689,11,6,4,1,32,28,33,0.0020437956204379564,0.0024087591240875912,0
119,[4.   6.79 0.59],13700,4910,8101,689,11,5,4,2,31,30,34,0.0021897810218978104,0.0024817518248175185,1
119,[4.   6.79 0.59],13700,4910,8101,689,11,6,4,1,32,28,33,0.0020437956204379564,0.0024087591240875912,2
119,[4.   6.79 0.59],13700,4910,8101,689,10,5,4,1,29,29,33,0.002116788321167883,0.0024087591240875912,3
120,[4.   6.79 2.24],15717,4844,8188,2685,13,6,6,1,38,29,40,0.001845135840173061,0.0025450149519628427,0
120,[4.   6.79 2.24],15717,4844,8188,2685,12,5,5,2,34,32,42,0.0020360119615702743,0.0026722656995609847,1
120,[4.   6.79 2.24],15717,4844,8188,2685,14,7,4,3,39,34,41,0.0021632627091684163,0.0026086403257619137,2
120,[4.   6.79 2.24],15717,4844,8188,2685,12,5,4,3,33,33,37,0.0020996373353693453,0.0023541388305656297,3
121,[4.   6.79 4.  ],17604,4784,8094,4726,15,6,4,5,40,34,48,0.0019313792319927288,0.0027266530334014998,0
121,[4.   6.79 4.  ],17604,4784,8094,4726,14,5,4,5,37,35,49,0.001988184503521927,0.0027834583049306974,1
121,[4.   6.79 4.  ],17604,4784,8094,4726,15,6,4,5,40,35,40,0.001988184503521927,0.0022722108611679163,2
121,[4.   6.79 4.  ],17604,4784,8094,4726,14,5,4,5,37,37,41,0.0021017950465803226,0.0023290161326971143,3
122,[4.   6.79 6.79],20965,4818,8130,8017,20,7,5,8,52,41,65,0.0019556403529692344,0.003100405437634152,0
122,[4.   6.79 6.79],20965,4818,8130,8017,18,5,5,8,46,42,61,0.002003338898163606,0.002909611256856666,1
122,[4.   6.79 6.79],20965,4818,8130,8017,17,6,3,8,43,39,43,0.0018602432625804913,0.0020510374433579774,2
122,[4.   6.79 6.79],20965,4818,8130,8017,16,5,3,8,40,40,43,0.0019079418077748629,0.0020510374433579774,3
123,[4.   6.79 7.11],21407,4846,8182,8379,19,5,6,8,49,39,63,0.001821833979539403,0.002942962582332882,0
123,[4.   6.79 7.11],21407,4846,8182,8379,19,5,6,8,49,44,67,0.002055402438454711,0.0031298173494651283,1
123,[4.   6.79 7.11],21407,4846,8182,8379,19,7,4,8,49,43,48,0.0020086887466716496,0.0022422572055869577,2
123,[4.   6.79 7.11],21407,4846,8182,8379,17,5,4,8,43,43,47,0.0020086887466716496,0.002195543513803896,3
124,[4.   6.79 8.09],22571,4785,8016,9770,23,6,7,10,59,44,74,0.0019494041026095433,0.0032785432634796865,0
124,[4.   6.79 8.09],22571,4785,8016,9770,22,5,7,10,56,50,78,0.002215231934783572,0.0034557618182623723,1
124,[4.   6.79 8.09],22571,4785,8016,9770,21,7,4,10,53,49,55,0.0021709272960879003,0.002436755128261929,2
124,[4.   6.79 8.09],22571,4785,8016,9770,19,5,4,10,47,47,51,0.0020823180186965574,0.002259536573479243,3
125,[4.   6.79 8.92],23661,4829,8221,10611,22,6,6,10,56,46,74,0.0019441274671400195,0.0031275094036600313,0
125,[4.   6.79 8.92],23661,4829,8221,10611,21,5,6,10,53,47,75,0.00198639110773002,0.003169773044250032,1
125,[4.   6.79 8.92],23661,4829,8221,10611,22,7,4,11,55,49,54,0.0020709183889100207,0.002282236591860023,2
125,[4.   6.79 8.92],23661,4829,8221,10611,20,5,4,11,49,49,53,0.0020709183889100207,0.002239972951270022,3
126,[4.   7.11 0.59],14062,4846,8531,685,12,6,4,2,34,26,37,0.0018489546294979378,0.0026312046650547576,0
126,[4.   7.11 0.59],14062,4846,8531,685,10,5,4,1,29,27,34,0.0019200682690940123,0.002417863746266534,1
126,[4.   7.11 0.59],14062,4846,8531,685,11,6,4,1,32,27,32,0.0019200682690940123,0.002275636467074385,2
126,[4.   7.11 0.59],14062,4846,8531,685,10,5,4,1,29,29,33,0.0020622955482861613,0.0023467501066704592,3
127,[4.   7.11 2.24],15952,4841,8452,2659,13,6,4,3,36,30,41,0.001880641925777332,0.002570210631895687,0
127,[4.   7.11 2.24],15952,4841,8452,2659,13,5,5,3,36,35,43,0.0021940822467402207,0.0026955867602808424,1
127,[4.   7.11 2.24],15952,4841,8452,2659,14,6,5,3,39,33,39,0.0020687061183550653,0.0024448345035105318,2
127,[4.   7.11 2.24],15952,4841,8452,2659,13,5,5,3,36,36,41,0.0022567703109327986,0.002570210631895687,3
128,[4.   7.11 4.  ],17828,4658,8367,4803,16,6,5,5,43,36,49,0.002019295490240072,0.00274848552838232,0
128,[4.   7.11 4.  ],17828,4658,8367,4803,12,4,4,4,32,30,41,0.0016827462418667265,0.0022997531972178595,1
128,[4.   7.11 4.  ],17828,4658,8367,4803,17,7,5,5,46,40,46,0.002243661655822302,0.0025802109041956475,2
128,[4.   7.11 4.  ],17828,4658,8367,4803,14,4,5,5,37,37,42,0.002075387031635629,0.002355844738613417,3
129,[4.   7.11 6.79],21759,4873,8639,8247,18,5,5,8,46,39,62,0.0017923617813318626,0.0028493956523737303,0
129,[4.   7.11 6.79],21759,4873,8639,8247,18,5,5,8,46,43,65,0.0019761937589043614,0.0029872696355531044,1
129,[4.   7.11 6.79],21759,4873,8639,8247,18,6,4,8,46,43,49,0.0019761937589043614,0.0022519417252631095,2
129,[4.   7.11 6.79],21759,4873,8639,8247,17,5,4,8,43,43,47,0.0019761937589043614,0.0021600257364768603,3
130,[4.   7.11 7.11],22040,4849,8699,8492,21,6,6,9,54,43,71,0.0019509981851179674,0.003221415607985481,0
130,[4.   7.11 7.11],22040,4849,8699,8492,19,5,5,9,48,45,68,0.002041742286751361,0.0030852994555353903,1
130,[4.   7.11 7.11],22040,4849,8699,8492,19,6,4,9,48,44,49,0.001996370235934664,0.002223230490018149,2
130,[4.   7.11 7.11],22040,4849,8699,8492,18,5,4,9,45,45,49,0.002041742286751361,0.002223230490018149,3
131,[4.   7.11 8.09],22928,4701,8483,9744,19,5,5,9,48,40,66,0.0017445917655268667,0.0028785764131193303,0
131,[4.   7.11 8.09],22928,4701,8483,9744,19,5,5,9,48,44,70,0.0019190509420795533,0.003053035589672017,1
131,[4.   7.11 8.09],22928,4701,8483,9744,19,6,4,9,48,43,49,0.0018754361479413817,0.0021371249127704116,2
131,[4.   7.11 8.09],22928,4701,8483,9744,18,5,4,9,45,45,49,0.001962665736217725,0.0021371249127704116,3
132,[4.   7.11 8.92],23864,4758,8492,10614,22,6,5,11,55,45,73,0.0018856855514582634,0.003059001005698961,0
132,[4.   7.11 8.92],23864,4758,8492,10614,21,5,5,11,52,47,74,0.001969493798189742,0.0031009051290647,1
132,[4.   7.11 8.92],23864,4758,8492,10614,23,8,4,11,58,54,59,0.002262822661749916,0.002472343278578612,2
132,[4.   7.11 8.92],23864,4758,8492,10614,20,5,4,11,49,49,53,0.0020533020449212203,0.002220918538384177,3
133,[4.   8.09 0.59],15095,4804,9546,745,14,7,5,2,40,32,40,0.002119907254057635,0.002649884067572044,0
133,[4.   8.09 0.59],15095,4804,9546,745,14,6,5,3,39,34,47,0.002252401457436237,0.0031136137793971513,1
133,[4.   8.09 0.59],15095,4804,9546,745,11,6,4,1,32,28,35,0.0018549188473004307,0.0023186485591255384,2
133,[4.   8.09 0.59],15095,4804,9546,745,11,6,4,1,32,32,36,0.002119907254057635,0.002384895660814839,3
134,[4.   8.09 2.24],17197,4735,9743,2719,14,5,5,4,38,30,47,0.0017444903180787346,0.002733034831656684,0
134,[4.   8.09 2.24],17197,4735,9743,2719,14,5,5,4,38,33,49,0.0019189393498866081,0.0028493341861952665,1
134,[4.   8.09 2.24],17197,4735,9743,2719,14,7,4,3,39,34,40,0.001977089027155899,0.002325987090771646,2
134,[4.   8.09 2.24],17197,4735,9743,2719,12,5,4,3,33,33,37,0.0019189393498866081,0.002151538058963773,3
135,[4.   8.09 4.  ],19565,4912,9740,4913,18,7,6,5,49,38,59,0.001942243802708919,0.00301558906210069,0
135,[4.   8.09 4.  ],19565,4912,9740,4913,16,6,5,5,43,41,55,0.0020955788397648864,0.002811142346026067,1
135,[4.   8.09 4.  ],19565,4912,9740,4913,17,7,5,5,46,39,46,0.0019933554817275745,0.002351137234858165,2
135,[4.   8.09 4.  ],19565,4912,9740,4913,16,6,5,5,43,43,48,0.002197802197802198,0.0024533605928954766,3
136,[4.   8.09 6.79],22476,4761,9724,7991,20,6,6,8,52,42,67,0.0018686599038974907,0.0029809574657412353,0
136,[4.   8.09 6.79],22476,4761,9724,7991,19,5,6,8,49,45,69,0.00200213561131874,0.0030699412706887345,1
136,[4.   8.09 6.79],22476,4761,9724,7991,20,7,5,8,52,46,53,0.00204662751379249,0.002358070831108738,2
136,[4.   8.09 6.79],22476,4761,9724,7991,18,5,5,8,46,46,51,0.00204662751379249,0.0022690870261612385,3
137,[4.   8.09 7.11],22882,4837,9624,8421,20,5,7,8,52,41,67,0.0017918014159601433,0.0029280657285202343,0
137,[4.   8.09 7.11],22882,4837,9624,8421,20,5,7,8,52,46,71,0.0020103137837601606,0.003102875622760248,1
137,[4.   8.09 7.11],22882,4837,9624,8421,20,7,5,8,52,47,54,0.0020540162573201644,0.0023599335722401887,2
137,[4.   8.09 7.11],22882,4837,9624,8421,18,5,5,8,46,46,51,0.0020103137837601606,0.002228826151560178,3
138,[4.   8.09 8.09],24030,4731,9566,9733,23,7,6,10,59,47,78,0.0019558884727424054,0.0032459425717852684,0
138,[4.   8.09 8.09],24030,4731,9566,9733,21,5,6,10,53,48,77,0.0019975031210986267,0.003204327923429047,1
138,[4.   8.09 8.09],24030,4731,9566,9733,22,7,5,10,56,51,58,0.002122347066167291,0.0024136496046608404,2
138,[4.   8.09 8.09],24030,4731,9566,9733,20,5,5,10,50,50,55,0.0020807324178110697,0.0022888056595921765,3
139,[4.   8.09 8.92],25370,4786,9874,10710,23,5,7,11,58,45,83,0.0017737485218762318,0.003271580607016161,0
139,[4.   8.09 8.92],25370,4786,9874,10710,22,4,7,11,55,48,82,0.0018919984233346473,0.003232163973196689,1
139,[4.   8.09 8.92],25370,4786,9874,10710,22,6,5,11,55,50,57,0.001970831690973591,0.0022467481277098937,2
139,[4.   8.09 8.92],25370,4786,9874,10710,20,4,5,11,49,49,54,0.001931415057154119,0.002128498226251478,3
140,[4.   8.92 0.59],16074,4713,10667,694,11,5,5,1,32,25,33,0.0015553067064825183,0.002053004852556924,0
140,[4.   8.92 0.59],16074,4713,10667,694,12,5,5,2,34,31,42,0.0019285803160383227,0.0026129152668906306,1
140,[4.   8.92 0.59],16074,4713,10667,694,12,6,5,1,35,30,36,0.001866368047779022,0.0022396416573348264,2
140,[4.   8.92 0.59],16074,4713,10667,694,11,5,5,1,32,32,37,0.0019907925842976236,0.0023018539255941274,3
141,[4.   8.92 2.24],18105,4805,10632,2668,15,7,5,3,42,36,49,0.001988400994200497,0.0027064346865506767,0
141,[4.   8.92 2.24],18105,4805,10632,2668,15,5,7,3,42,39,53,0.0021541010770505385,0.002927368130350732,1
141,[4.   8.92 2.24],18105,4805,10632,2668,15,7,5,3,42,36,44,0.001988400994200497,0.0024302678818006076,2
141,[4.   8.92 2.24],18105,4805,10632,2668,13,5,5,3,36,36,41,0.001988400994200497,0.002264567798950566,3
142,[4.   8.92 4.  ],20407,4791,10837,4779,20,7,8,5,55,42,67,0.002058117312686823,0.003283187141667075,0
142,[4.   8.92 4.  ],20407,4791,10837,4779,18,5,8,5,49,42,65,0.002058117312686823,0.0031851815553486547,1
142,[4.   8.92 4.  ],20407,4791,10837,4779,17,6,6,5,46,40,48,0.001960111726368403,0.0023521340716420834,2
142,[4.   8.92 4.  ],20407,4791,10837,4779,16,5,6,5,43,43,49,0.0021071201058460334,0.002401136864801294,3
143,[4.   8.92 6.79],23530,4708,10711,8111,21,6,7,8,55,44,71,0.0018699532511687207,0.0030174245643858903,0
143,[4.   8.92 6.79],23530,4708,10711,8111,20,5,7,8,52,47,72,0.0019974500637484063,0.003059923501912452,1
143,[4.   8.92 6.79],23530,4708,10711,8111,21,7,6,8,55,48,55,0.002039949001274968,0.002337441563960901,2
143,[4.   8.92 6.79],23530,4708,10711,8111,19,5,6,8,49,49,55,0.00208244793880153,0.002337441563960901,3
144,[4.   8.92 7.11],24016,4730,10671,8615,24,6,9,9,63,48,79,0.001998667554963358,0.003289473684210526,0
144,[4.   8.92 7.11],24016,4730,10671,8615,22,5,8,9,57,51,75,0.0021235842771485675,0.0031229180546302466,1
144,[4.   8.92 7.11],24016,4730,10671,8615,21,7,5,9,54,49,55,0.0020403064623584276,0.0022901399067288475,2
144,[4.   8.92 7.11],24016,4730,10671,8615,19,5,5,9,48,48,53,0.001998667554963358,0.0022068620919387075,3
145,[4.   8.92 8.09],25113,4751,10658,9704,21,5,7,9,54,43,73,0.001712260582168598,0.0029068609883327362,0
145,[4.   8.92 8.09],25113,4751,10658,9704,21,5,7,9,54,49,78,0.0019511806634014256,0.003105961056026759,1
145,[4.   8.92 8.09],25113,4751,10658,9704,21,6,6,9,54,48,55,0.001911360649862621,0.002190100744634253,2
145,[4.   8.92 8.09],25113,4751,10658,9704,20,5,6,9,51,51,57,0.0020308206904790346,0.0022697407717118625,3
146,[4.   8.92 8.92],26288,4881,10659,10748,25,6,8,11,64,50,85,0.001902008520998174,0.003233414485696896,0
146,[4.   8.92 8.92],26288,4881,10659,10748,24,5,8,11,61,55,88,0.0020922093730979916,0.0033475349969567863,1
146,[4.   8.92 8.92],26288,4881,10659,10748,24,7,6,11,61,55,62,0.0020922093730979916,0.0023584905660377358,2
146,[4.   8.92 8.92],26288,4881,10659,10748,22,5,6,11,55,55,61,0.0020922093730979916,0.0023204503956177724,3
147,[6.79 0.59 0.59],9799,8314,715,770,10,8,1,1,29,23,28,0.002347178283498316,0.0028574344320849068,0
147,[6.79 0.59 0.59],9799,8314,715,770,10,8,1,1,29,28,29,0.0028574344320849068,0.0029594856618022245,1
147,[6.79 0.59 0.59],9799,8314,715,770,10,8,1,1,29,24,28,0.0024492295132156343,0.0028574344320849068,2
147,[6.79 0.59 0.59],9799,8314,715,770,10,8,1,1,29,29,30,0.0029594856618022245,0.0030615368915195428,3
148,[6.79 0.59 2.24],11599,8139,752,2708,13,8,2,3,36,30,38,0.002586429864643504,0.003276144495215105,0
148,[6.79 0.59 2.24],11599,8139,752,2708,13,8,2,3,36,34,39,0.0029312871799293044,0.003362358824036555,1
148,[6.79 0.59 2.24],11599,8139,752,2708,12,8,1,3,33,29,33,0.0025002155358220535,0.002845072851107854,2
148,[6.79 0.59 2.24],11599,8139,752,2708,12,8,1,3,33,33,34,0.002845072851107854,0.0029312871799293044,3
149,[6.79 0.59 4.  ],13937,8286,739,4912,16,9,2,5,43,34,47,0.0024395494008753677,0.0033723182894453614,0
149,[6.79 0.59 4.  ],13937,8286,739,4912,15,8,2,5,40,37,46,0.0026548037597761355,0.0033005668364784386,1
149,[6.79 0.59 4.  ],13937,8286,739,4912,13,8,0,5,34,31,34,0.0022242950419746,0.0024395494008753677,2
149,[6.79 0.59 4.  ],13937,8286,739,4912,13,8,0,5,34,34,34,0.0024395494008753677,0.0024395494008753677,3
150,[6.79 0.59 6.79],17117,8295,713,8109,21,9,4,8,55,42,60,0.0024537009990068352,0.003505287141438336,0
150,[6.79 0.59 6.79],17117,8295,713,8109,19,7,4,8,49,44,58,0.0025705439037214464,0.003388444236723725,1
150,[6.79 0.59 6.79],17117,8295,713,8109,17,8,1,8,43,38,42,0.002220015189577613,0.0024537009990068352,2
150,[6.79 0.59 6.79],17117,8295,713,8109,16,7,1,8,40,40,41,0.002336858094292224,0.0023952795466495296,3
151,[6.79 0.59 7.11],17167,8053,687,8427,18,7,3,8,46,36,56,0.002097046659288169,0.00326207258111493,0
151,[6.79 0.59 7.11],17167,8053,687,8427,19,8,3,8,49,45,62,0.0026213083241102115,0.003611580357662958,1
151,[6.79 0.59 7.11],17167,8053,687,8427,17,8,1,8,43,38,42,0.0022135492514708454,0.0024465544358361975,2
151,[6.79 0.59 7.11],17167,8053,687,8427,17,8,1,8,43,43,44,0.002504805731927535,0.0025630570280188733,3
152,[6.79 0.59 8.09],18917,8247,740,9930,24,9,5,10,62,48,63,0.0025374002220225193,0.003330337791404557,0
152,[6.79 0.59 8.09],18917,8247,740,9930,24,9,5,10,62,57,69,0.003013162763651742,0.0036475128191573716,1
152,[6.79 0.59 8.09],18917,8247,740,9930,20,9,1,10,50,46,50,0.002431675212771581,0.002643125231273458,2
152,[6.79 0.59 8.09],18917,8247,740,9930,20,9,1,10,50,50,51,0.002643125231273458,0.002695987735898927,3
153,[6.79 0.59 8.92],19813,8274,729,10810,24,8,5,11,61,47,66,0.002372179881895725,0.0033311462171301673,0
153,[6.79 0.59 8.92],19813,8274,729,10810,24,8,5,11,61,55,72,0.002775955180941806,0.0036339776914147276,1
153,[6.79 0.59 8.92],19813,8274,729,10810,20,8,1,11,49,44,48,0.0022207641447534445,0.0024226517942764854,2
153,[6.79 0.59 8.92],19813,8274,729,10810,20,8,1,11,49,49,50,0.002473123706657245,0.0025235956190380053,3
154,[6.79 2.24 0.59],11675,8123,2834,718,11,8,2,1,32,26,30,0.0022269807280513917,0.002569593147751606,0
154,[6.79 2.24 0.59],11675,8123,2834,718,11,8,2,1,32,31,32,0.0026552462526766595,0.002740899357601713,1
154,[6.79 2.24 0.59],11675,8123,2834,718,10,8,1,1,29,25,29,0.0021413276231263384,0.0024839400428265527,2
154,[6.79 2.24 0.59],11675,8123,2834,718,10,8,1,1,29,29,30,0.0024839400428265527,0.002569593147751606,3
155,[6.79 2.24 2.24],13379,8057,2697,2625,12,8,2,2,34,29,33,0.0021675760520218253,0.0024665520591972494,0
155,[6.79 2.24 2.24],13379,8057,2697,2625,12,8,2,2,34,33,34,0.0024665520591972494,0.0025412960609911056,1
155,[6.79 2.24 2.24],13379,8057,2697,2625,11,8,1,2,31,27,31,0.002018088048434113,0.002317064055609537,2
155,[6.79 2.24 2.24],13379,8057,2697,2625,11,8,1,2,31,31,32,0.002317064055609537,0.0023918080574033933,3
156,[6.79 2.24 4.  ],15682,8138,2711,4833,14,8,2,4,38,31,43,0.001976788674913914,0.0027419971942354293,0
156,[6.79 2.24 4.  ],15682,8138,2711,4833,14,8,2,4,38,36,44,0.002295625557964545,0.0028057645708455554,1
156,[6.79 2.24 4.  ],15682,8138,2711,4833,14,8,2,4,38,33,39,0.0021043234281341665,0.002486927687794924,2
156,[6.79 2.24 4.  ],15682,8138,2711,4833,14,8,2,4,38,38,40,0.0024231603111847977,0.0025506950644050503,3
