context,rate,n_services,bin_conf,n_vnf,n_vnf_req,n_vcpu,alpha,beta
0,0.5,11,0,15,30,29,0.5,0.5172413793103449
0,0.5,11,1,15,30,29,0.5,0.5172413793103449
0,0.5,11,2,16,30,30,0.5333333333333333,0.5333333333333333
0,0.5,11,3,15,30,29,0.5,0.5172413793103449
0,0.5,11,4,15,30,29,0.5,0.5172413793103449
0,0.5,11,5,15,30,29,0.5,0.5172413793103449
0,0.5,11,6,15,30,29,0.5,0.5172413793103449
0,0.5,11,7,15,30,29,0.5,0.5172413793103449
0,0.5,11,8,15,30,29,0.5,0.5172413793103449
0,0.5,11,9,15,30,29,0.5,0.5172413793103449
0,0.5,11,10,15,30,29,0.5,0.5172413793103449
0,0.5,11,11,15,30,29,0.5,0.5172413793103449
0,0.5,11,12,15,30,29,0.5,0.5172413793103449
0,0.5,11,13,16,30,30,0.5333333333333333,0.5333333333333333
0,0.5,11,14,15,30,29,0.5,0.5172413793103449
0,0.5,11,15,15,30,29,0.5,0.5172413793103449
0,0.5,11,16,15,30,29,0.5,0.5172413793103449
0,0.5,11,17,16,30,30,0.5333333333333333,0.5333333333333333
0,0.5,11,18,17,30,42,0.5666666666666667,0.40476190476190477
0,0.5,11,19,17,30,42,0.5666666666666667,0.40476190476190477
0,0.5,11,20,18,30,43,0.6,0.4186046511627907
0,0.5,11,21,17,30,42,0.5666666666666667,0.40476190476190477
1,1,22,0,29,61,80,0.47540983606557374,0.3625
1,1,22,1,29,61,80,0.47540983606557374,0.3625
1,1,22,2,29,61,80,0.47540983606557374,0.3625
1,1,22,3,29,61,80,0.47540983606557374,0.3625
1,1,22,4,29,61,80,0.47540983606557374,0.3625
1,1,22,5,29,61,80,0.47540983606557374,0.3625
1,1,22,6,29,61,80,0.47540983606557374,0.3625
1,1,22,7,29,61,80,0.47540983606557374,0.3625
1,1,22,8,29,61,80,0.47540983606557374,0.3625
1,1,22,9,29,61,80,0.47540983606557374,0.3625
1,1,22,10,29,61,80,0.47540983606557374,0.3625
1,1,22,11,29,61,80,0.47540983606557374,0.3625
1,1,22,12,29,61,80,0.47540983606557374,0.3625
1,1,22,13,29,61,80,0.47540983606557374,0.3625
1,1,22,14,29,61,80,0.47540983606557374,0.3625
1,1,22,15,29,61,80,0.47540983606557374,0.3625
1,1,22,16,29,61,80,0.47540983606557374,0.3625
1,1,22,17,29,61,80,0.47540983606557374,0.3625
1,1,22,18,35,61,109,0.5737704918032787,0.3211009174311927
1,1,22,19,35,61,109,0.5737704918032787,0.3211009174311927
1,1,22,20,35,61,107,0.5737704918032787,0.32710280373831774
1,1,22,21,35,61,107,0.5737704918032787,0.32710280373831774
2,1.5,37,0,45,101,148,0.44554455445544555,0.30405405405405406
2,1.5,37,1,45,101,148,0.44554455445544555,0.30405405405405406
2,1.5,37,2,45,101,146,0.44554455445544555,0.3082191780821918
2,1.5,37,3,45,101,146,0.44554455445544555,0.3082191780821918
2,1.5,37,4,45,101,146,0.44554455445544555,0.3082191780821918
2,1.5,37,5,45,101,146,0.44554455445544555,0.3082191780821918
2,1.5,37,6,45,101,148,0.44554455445544555,0.30405405405405406
2,1.5,37,7,45,101,148,0.44554455445544555,0.30405405405405406
2,1.5,37,8,45,101,146,0.44554455445544555,0.3082191780821918
2,1.5,37,9,45,101,146,0.44554455445544555,0.3082191780821918
2,1.5,37,10,45,101,146,0.44554455445544555,0.3082191780821918
2,1.5,37,11,45,101,146,0.44554455445544555,0.3082191780821918
2,1.5,37,12,45,101,146,0.44554455445544555,0.3082191780821918
2,1.5,37,13,45,101,146,0.44554455445544555,0.3082191780821918
2,1.5,37,14,45,101,146,0.44554455445544555,0.3082191780821918
2,1.5,37,15,45,101,146,0.44554455445544555,0.3082191780821918
2,1.5,37,16,45,101,148,0.44554455445544555,0.30405405405405406
2,1.5,37,17,45,101,146,0.44554455445544555,0.3082191780821918
2,1.5,37,18,55,101,121,0.5445544554455446,0.45454545454545453
2,1.5,37,19,55,101,121,0.5445544554455446,0.45454545454545453
2,1.5,37,20,55,101,114,0.5445544554455446,0.4824561403508772
2,1.5,37,21,55,101,114,0.5445544554455446,0.4824561403508772
3,2,41,0,53,111,240,0.4774774774774775,0.22083333333333333
3,2,41,1,53,111,240,0.4774774774774775,0.22083333333333333
3,2,41,2,53,111,237,0.4774774774774775,0.22362869198312235
3,2,41,3,53,111,237,0.4774774774774775,0.22362869198312235
3,2,41,4,53,111,237,0.4774774774774775,0.22362869198312235
3,2,41,5,53,111,237,0.4774774774774775,0.22362869198312235
3,2,41,6,53,111,240,0.4774774774774775,0.22083333333333333
3,2,41,7,53,111,240,0.4774774774774775,0.22083333333333333
3,2,41,8,53,111,237,0.4774774774774775,0.22362869198312235
3,2,41,9,53,111,237,0.4774774774774775,0.22362869198312235
3,2,41,10,53,111,237,0.4774774774774775,0.22362869198312235
3,2,41,11,53,111,237,0.4774774774774775,0.22362869198312235
3,2,41,12,53,111,237,0.4774774774774775,0.22362869198312235
3,2,41,13,53,111,237,0.4774774774774775,0.22362869198312235
3,2,41,14,53,111,237,0.4774774774774775,0.22362869198312235
3,2,41,15,53,111,237,0.4774774774774775,0.22362869198312235
3,2,41,16,53,111,240,0.4774774774774775,0.22083333333333333
3,2,41,17,53,111,237,0.4774774774774775,0.22362869198312235
3,2,41,18,62,111,237,0.5585585585585585,0.2616033755274262
3,2,41,19,62,111,237,0.5585585585585585,0.2616033755274262
3,2,41,20,62,111,231,0.5585585585585585,0.2683982683982684
3,2,41,21,62,111,231,0.5585585585585585,0.2683982683982684
4,2.5,57,0,68,153,248,0.4444444444444444,0.27419354838709675
4,2.5,57,1,68,153,248,0.4444444444444444,0.27419354838709675
4,2.5,57,2,69,153,243,0.45098039215686275,0.2839506172839506
4,2.5,57,3,68,153,242,0.4444444444444444,0.2809917355371901
4,2.5,57,4,68,153,242,0.4444444444444444,0.2809917355371901
4,2.5,57,5,68,153,242,0.4444444444444444,0.2809917355371901
4,2.5,57,6,68,153,248,0.4444444444444444,0.27419354838709675
4,2.5,57,7,68,153,248,0.4444444444444444,0.27419354838709675
4,2.5,57,8,68,153,242,0.4444444444444444,0.2809917355371901
4,2.5,57,9,68,153,242,0.4444444444444444,0.2809917355371901
4,2.5,57,10,68,153,242,0.4444444444444444,0.2809917355371901
4,2.5,57,11,68,153,242,0.4444444444444444,0.2809917355371901
4,2.5,57,12,68,153,242,0.4444444444444444,0.2809917355371901
4,2.5,57,13,69,153,243,0.45098039215686275,0.2839506172839506
4,2.5,57,14,68,153,242,0.4444444444444444,0.2809917355371901
4,2.5,57,15,68,153,242,0.4444444444444444,0.2809917355371901
4,2.5,57,16,68,153,248,0.4444444444444444,0.27419354838709675
4,2.5,57,17,69,153,243,0.45098039215686275,0.2839506172839506
4,2.5,57,18,80,153,247,0.5228758169934641,0.32388663967611336
4,2.5,57,19,80,153,247,0.5228758169934641,0.32388663967611336
4,2.5,57,20,81,153,241,0.5294117647058824,0.3360995850622407
4,2.5,57,21,80,153,240,0.5228758169934641,0.3333333333333333
5,3,57,0,68,156,238,0.4358974358974359,0.2857142857142857
5,3,57,1,68,156,238,0.4358974358974359,0.2857142857142857
5,3,57,2,68,156,234,0.4358974358974359,0.2905982905982906
5,3,57,3,68,156,234,0.4358974358974359,0.2905982905982906
5,3,57,4,68,156,234,0.4358974358974359,0.2905982905982906
5,3,57,5,68,156,234,0.4358974358974359,0.2905982905982906
5,3,57,6,68,156,238,0.4358974358974359,0.2857142857142857
5,3,57,7,68,156,238,0.4358974358974359,0.2857142857142857
5,3,57,8,68,156,234,0.4358974358974359,0.2905982905982906
5,3,57,9,68,156,234,0.4358974358974359,0.2905982905982906
5,3,57,10,68,156,234,0.4358974358974359,0.2905982905982906
5,3,57,11,68,156,234,0.4358974358974359,0.2905982905982906
5,3,57,12,68,156,234,0.4358974358974359,0.2905982905982906
5,3,57,13,68,156,234,0.4358974358974359,0.2905982905982906
5,3,57,14,68,156,234,0.4358974358974359,0.2905982905982906
5,3,57,15,68,156,234,0.4358974358974359,0.2905982905982906
5,3,57,16,68,156,238,0.4358974358974359,0.2857142857142857
5,3,57,17,68,156,234,0.4358974358974359,0.2905982905982906
5,3,57,18,83,156,237,0.532051282051282,0.350210970464135
5,3,57,19,83,156,237,0.532051282051282,0.350210970464135
5,3,57,20,83,156,230,0.532051282051282,0.36086956521739133
5,3,57,21,83,156,230,0.532051282051282,0.36086956521739133
6,3.5,72,0,90,190,388,0.47368421052631576,0.23195876288659795
6,3.5,72,1,90,190,388,0.47368421052631576,0.23195876288659795
6,3.5,72,2,90,190,381,0.47368421052631576,0.23622047244094488
6,3.5,72,3,90,190,381,0.47368421052631576,0.23622047244094488
6,3.5,72,4,90,190,381,0.47368421052631576,0.23622047244094488
6,3.5,72,5,90,190,381,0.47368421052631576,0.23622047244094488
6,3.5,72,6,90,190,388,0.47368421052631576,0.23195876288659795
6,3.5,72,7,90,190,388,0.47368421052631576,0.23195876288659795
6,3.5,72,8,90,190,381,0.47368421052631576,0.23622047244094488
6,3.5,72,9,90,190,381,0.47368421052631576,0.23622047244094488
6,3.5,72,10,90,190,381,0.47368421052631576,0.23622047244094488
6,3.5,72,11,90,190,381,0.47368421052631576,0.23622047244094488
6,3.5,72,12,90,190,381,0.47368421052631576,0.23622047244094488
6,3.5,72,13,90,190,381,0.47368421052631576,0.23622047244094488
6,3.5,72,14,90,190,381,0.47368421052631576,0.23622047244094488
6,3.5,72,15,90,190,381,0.47368421052631576,0.23622047244094488
6,3.5,72,16,90,190,388,0.47368421052631576,0.23195876288659795
6,3.5,72,17,90,190,381,0.47368421052631576,0.23622047244094488
6,3.5,72,18,103,190,370,0.5421052631578948,0.27837837837837837
6,3.5,72,19,103,190,370,0.5421052631578948,0.27837837837837837
6,3.5,72,20,104,190,360,0.5473684210526316,0.28888888888888886
6,3.5,72,21,103,190,359,0.5421052631578948,0.28690807799442897
7,4,79,0,97,209,399,0.46411483253588515,0.24310776942355888
7,4,79,1,97,209,399,0.46411483253588515,0.24310776942355888
7,4,79,2,97,209,391,0.46411483253588515,0.24808184143222506
7,4,79,3,97,209,391,0.46411483253588515,0.24808184143222506
7,4,79,4,97,209,391,0.46411483253588515,0.24808184143222506
7,4,79,5,97,209,391,0.46411483253588515,0.24808184143222506
7,4,79,6,97,209,399,0.46411483253588515,0.24310776942355888
7,4,79,7,97,209,399,0.46411483253588515,0.24310776942355888
7,4,79,8,97,209,391,0.46411483253588515,0.24808184143222506
7,4,79,9,97,209,391,0.46411483253588515,0.24808184143222506
7,4,79,10,97,209,391,0.46411483253588515,0.24808184143222506
7,4,79,11,97,209,391,0.46411483253588515,0.24808184143222506
7,4,79,12,97,209,391,0.46411483253588515,0.24808184143222506
7,4,79,13,97,209,391,0.46411483253588515,0.24808184143222506
7,4,79,14,97,209,391,0.46411483253588515,0.24808184143222506
7,4,79,15,97,209,391,0.46411483253588515,0.24808184143222506
7,4,79,16,97,209,399,0.46411483253588515,0.24310776942355888
7,4,79,17,97,209,391,0.46411483253588515,0.24808184143222506
7,4,79,18,113,209,417,0.5406698564593302,0.2709832134292566
7,4,79,19,113,209,417,0.5406698564593302,0.2709832134292566
7,4,79,20,113,209,406,0.5406698564593302,0.27832512315270935
7,4,79,21,113,209,406,0.5406698564593302,0.27832512315270935
8,4.5,87,0,103,226,362,0.4557522123893805,0.2845303867403315
8,4.5,87,1,103,226,362,0.4557522123893805,0.2845303867403315
8,4.5,87,2,103,226,351,0.4557522123893805,0.2934472934472934
8,4.5,87,3,103,226,351,0.4557522123893805,0.2934472934472934
8,4.5,87,4,103,226,351,0.4557522123893805,0.2934472934472934
8,4.5,87,5,103,226,351,0.4557522123893805,0.2934472934472934
8,4.5,87,6,103,226,362,0.4557522123893805,0.2845303867403315
8,4.5,87,7,103,226,362,0.4557522123893805,0.2845303867403315
8,4.5,87,8,103,226,351,0.4557522123893805,0.2934472934472934
8,4.5,87,9,103,226,351,0.4557522123893805,0.2934472934472934
8,4.5,87,10,103,226,351,0.4557522123893805,0.2934472934472934
8,4.5,87,11,103,226,351,0.4557522123893805,0.2934472934472934
8,4.5,87,12,103,226,351,0.4557522123893805,0.2934472934472934
8,4.5,87,13,103,226,351,0.4557522123893805,0.2934472934472934
8,4.5,87,14,103,226,351,0.4557522123893805,0.2934472934472934
8,4.5,87,15,103,226,351,0.4557522123893805,0.2934472934472934
8,4.5,87,16,103,226,362,0.4557522123893805,0.2845303867403315
8,4.5,87,17,103,226,351,0.4557522123893805,0.2934472934472934
8,4.5,87,18,120,226,365,0.5309734513274337,0.3287671232876712
8,4.5,87,19,120,226,365,0.5309734513274337,0.3287671232876712
8,4.5,87,20,120,226,350,0.5309734513274337,0.34285714285714286
8,4.5,87,21,120,226,350,0.5309734513274337,0.34285714285714286
9,5,95,0,115,257,477,0.4474708171206226,0.24109014675052412
9,5,95,1,115,257,477,0.4474708171206226,0.24109014675052412
9,5,95,2,115,257,469,0.4474708171206226,0.24520255863539445
9,5,95,3,115,257,469,0.4474708171206226,0.24520255863539445
9,5,95,4,115,257,469,0.4474708171206226,0.24520255863539445
9,5,95,5,115,257,469,0.4474708171206226,0.24520255863539445
9,5,95,6,115,257,477,0.4474708171206226,0.24109014675052412
9,5,95,7,115,257,477,0.4474708171206226,0.24109014675052412
9,5,95,8,115,257,469,0.4474708171206226,0.24520255863539445
9,5,95,9,115,257,469,0.4474708171206226,0.24520255863539445
9,5,95,10,115,257,469,0.4474708171206226,0.24520255863539445
9,5,95,11,115,257,469,0.4474708171206226,0.24520255863539445
9,5,95,12,115,257,469,0.4474708171206226,0.24520255863539445
9,5,95,13,115,257,469,0.4474708171206226,0.24520255863539445
9,5,95,14,115,257,469,0.4474708171206226,0.24520255863539445
9,5,95,15,115,257,469,0.4474708171206226,0.24520255863539445
9,5,95,16,115,257,477,0.4474708171206226,0.24109014675052412
9,5,95,17,115,257,469,0.4474708171206226,0.24520255863539445
9,5,95,18,138,257,470,0.5369649805447471,0.2936170212765957
9,5,95,19,138,257,470,0.5369649805447471,0.2936170212765957
9,5,95,20,138,257,456,0.5369649805447471,0.3026315789473684
9,5,95,21,138,257,456,0.5369649805447471,0.3026315789473684
10,0.5,7,0,12,20,54,0.6,0.2222222222222222
10,0.5,7,1,12,20,54,0.6,0.2222222222222222
10,0.5,7,2,12,20,54,0.6,0.2222222222222222
10,0.5,7,3,12,20,54,0.6,0.2222222222222222
10,0.5,7,4,12,20,54,0.6,0.2222222222222222
10,0.5,7,5,12,20,54,0.6,0.2222222222222222
10,0.5,7,6,12,20,54,0.6,0.2222222222222222
10,0.5,7,7,12,20,54,0.6,0.2222222222222222
10,0.5,7,8,12,20,54,0.6,0.2222222222222222
10,0.5,7,9,12,20,54,0.6,0.2222222222222222
10,0.5,7,10,12,20,54,0.6,0.2222222222222222
10,0.5,7,11,12,20,54,0.6,0.2222222222222222
10,0.5,7,12,12,20,54,0.6,0.2222222222222222
10,0.5,7,13,12,20,54,0.6,0.2222222222222222
10,0.5,7,14,12,20,54,0.6,0.2222222222222222
10,0.5,7,15,12,20,54,0.6,0.2222222222222222
10,0.5,7,16,12,20,54,0.6,0.2222222222222222
10,0.5,7,17,12,20,54,0.6,0.2222222222222222
10,0.5,7,18,13,20,46,0.65,0.2826086956521739
10,0.5,7,19,13,20,46,0.65,0.2826086956521739
10,0.5,7,20,13,20,46,0.65,0.2826086956521739
10,0.5,7,21,13,20,46,0.65,0.2826086956521739
11,1,21,0,29,56,120,0.5178571428571429,0.24166666666666667
11,1,21,1,29,56,120,0.5178571428571429,0.24166666666666667
11,1,21,2,29,56,120,0.5178571428571429,0.24166666666666667
11,1,21,3,29,56,120,0.5178571428571429,0.24166666666666667
11,1,21,4,29,56,120,0.5178571428571429,0.24166666666666667
11,1,21,5,29,56,120,0.5178571428571429,0.24166666666666667
11,1,21,6,29,56,120,0.5178571428571429,0.24166666666666667
11,1,21,7,29,56,120,0.5178571428571429,0.24166666666666667
11,1,21,8,29,56,120,0.5178571428571429,0.24166666666666667
11,1,21,9,29,56,120,0.5178571428571429,0.24166666666666667
11,1,21,10,29,56,120,0.5178571428571429,0.24166666666666667
11,1,21,11,29,56,120,0.5178571428571429,0.24166666666666667
11,1,21,12,29,56,120,0.5178571428571429,0.24166666666666667
11,1,21,13,29,56,120,0.5178571428571429,0.24166666666666667
11,1,21,14,29,56,120,0.5178571428571429,0.24166666666666667
11,1,21,15,29,56,120,0.5178571428571429,0.24166666666666667
11,1,21,16,29,56,120,0.5178571428571429,0.24166666666666667
11,1,21,17,29,56,120,0.5178571428571429,0.24166666666666667
11,1,21,18,33,56,110,0.5892857142857143,0.3
11,1,21,19,33,56,110,0.5892857142857143,0.3
11,1,21,20,33,56,109,0.5892857142857143,0.30275229357798167
11,1,21,21,33,56,109,0.5892857142857143,0.30275229357798167
12,1.5,34,0,42,91,112,0.46153846153846156,0.375
12,1.5,34,1,42,91,112,0.46153846153846156,0.375
12,1.5,34,2,42,91,109,0.46153846153846156,0.3853211009174312
12,1.5,34,3,42,91,109,0.46153846153846156,0.3853211009174312
12,1.5,34,4,42,91,109,0.46153846153846156,0.3853211009174312
12,1.5,34,5,42,91,109,0.46153846153846156,0.3853211009174312
12,1.5,34,6,42,91,112,0.46153846153846156,0.375
12,1.5,34,7,42,91,112,0.46153846153846156,0.375
12,1.5,34,8,42,91,109,0.46153846153846156,0.3853211009174312
12,1.5,34,9,42,91,109,0.46153846153846156,0.3853211009174312
12,1.5,34,10,42,91,109,0.46153846153846156,0.3853211009174312
12,1.5,34,11,42,91,109,0.46153846153846156,0.3853211009174312
12,1.5,34,12,42,91,109,0.46153846153846156,0.3853211009174312
12,1.5,34,13,42,91,109,0.46153846153846156,0.3853211009174312
12,1.5,34,14,42,91,109,0.46153846153846156,0.3853211009174312
12,1.5,34,15,42,91,109,0.46153846153846156,0.3853211009174312
12,1.5,34,16,42,91,112,0.46153846153846156,0.375
12,1.5,34,17,42,91,109,0.46153846153846156,0.3853211009174312
12,1.5,34,18,51,91,175,0.5604395604395604,0.2914285714285714
12,1.5,34,19,51,91,175,0.5604395604395604,0.2914285714285714
12,1.5,34,20,51,91,171,0.5604395604395604,0.2982456140350877
12,1.5,34,21,51,91,171,0.5604395604395604,0.2982456140350877
13,2,50,0,62,134,252,0.4626865671641791,0.24603174603174602
13,2,50,1,62,134,252,0.4626865671641791,0.24603174603174602
13,2,50,2,62,134,246,0.4626865671641791,0.25203252032520324
13,2,50,3,62,134,246,0.4626865671641791,0.25203252032520324
13,2,50,4,62,134,246,0.4626865671641791,0.25203252032520324
13,2,50,5,62,134,246,0.4626865671641791,0.25203252032520324
13,2,50,6,62,134,252,0.4626865671641791,0.24603174603174602
13,2,50,7,62,134,252,0.4626865671641791,0.24603174603174602
13,2,50,8,62,134,246,0.4626865671641791,0.25203252032520324
13,2,50,9,62,134,246,0.4626865671641791,0.25203252032520324
13,2,50,10,62,134,246,0.4626865671641791,0.25203252032520324
13,2,50,11,62,134,246,0.4626865671641791,0.25203252032520324
13,2,50,12,62,134,246,0.4626865671641791,0.25203252032520324
13,2,50,13,62,134,246,0.4626865671641791,0.25203252032520324
13,2,50,14,62,134,246,0.4626865671641791,0.25203252032520324
13,2,50,15,62,134,246,0.4626865671641791,0.25203252032520324
13,2,50,16,62,134,252,0.4626865671641791,0.24603174603174602
13,2,50,17,62,134,246,0.4626865671641791,0.25203252032520324
13,2,50,18,73,134,237,0.5447761194029851,0.3080168776371308
13,2,50,19,73,134,237,0.5447761194029851,0.3080168776371308
13,2,50,20,74,134,231,0.5522388059701493,0.3203463203463203
13,2,50,21,73,134,230,0.5447761194029851,0.3173913043478261
14,2.5,52,0,65,142,246,0.45774647887323944,0.26422764227642276
14,2.5,52,1,65,142,246,0.45774647887323944,0.26422764227642276
14,2.5,52,2,65,142,242,0.45774647887323944,0.26859504132231404
14,2.5,52,3,65,142,242,0.45774647887323944,0.26859504132231404
14,2.5,52,4,65,142,242,0.45774647887323944,0.26859504132231404
14,2.5,52,5,65,142,242,0.45774647887323944,0.26859504132231404
14,2.5,52,6,65,142,246,0.45774647887323944,0.26422764227642276
14,2.5,52,7,65,142,246,0.45774647887323944,0.26422764227642276
14,2.5,52,8,65,142,242,0.45774647887323944,0.26859504132231404
14,2.5,52,9,65,142,242,0.45774647887323944,0.26859504132231404
14,2.5,52,10,65,142,242,0.45774647887323944,0.26859504132231404
14,2.5,52,11,65,142,242,0.45774647887323944,0.26859504132231404
14,2.5,52,12,65,142,242,0.45774647887323944,0.26859504132231404
14,2.5,52,13,65,142,242,0.45774647887323944,0.26859504132231404
14,2.5,52,14,65,142,242,0.45774647887323944,0.26859504132231404
14,2.5,52,15,65,142,242,0.45774647887323944,0.26859504132231404
14,2.5,52,16,65,142,246,0.45774647887323944,0.26422764227642276
14,2.5,52,17,65,142,242,0.45774647887323944,0.26859504132231404
14,2.5,52,18,77,142,269,0.5422535211267606,0.2862453531598513
14,2.5,52,19,77,142,269,0.5422535211267606,0.2862453531598513
14,2.5,52,20,77,142,262,0.5422535211267606,0.29389312977099236
14,2.5,52,21,77,142,262,0.5422535211267606,0.29389312977099236
15,3,65,0,80,175,326,0.45714285714285713,0.24539877300613497
15,3,65,1,80,175,326,0.45714285714285713,0.24539877300613497
15,3,65,2,81,175,320,0.46285714285714286,0.253125
15,3,65,3,80,175,319,0.45714285714285713,0.2507836990595611
15,3,65,4,80,175,319,0.45714285714285713,0.2507836990595611
15,3,65,5,80,175,319,0.45714285714285713,0.2507836990595611
15,3,65,6,80,175,326,0.45714285714285713,0.24539877300613497
15,3,65,7,80,175,326,0.45714285714285713,0.24539877300613497
15,3,65,8,80,175,319,0.45714285714285713,0.2507836990595611
15,3,65,9,80,175,319,0.45714285714285713,0.2507836990595611
15,3,65,10,80,175,319,0.45714285714285713,0.2507836990595611
15,3,65,11,80,175,319,0.45714285714285713,0.2507836990595611
15,3,65,12,80,175,319,0.45714285714285713,0.2507836990595611
15,3,65,13,81,175,320,0.46285714285714286,0.253125
15,3,65,14,80,175,319,0.45714285714285713,0.2507836990595611
15,3,65,15,80,175,319,0.45714285714285713,0.2507836990595611
15,3,65,16,80,175,326,0.45714285714285713,0.24539877300613497
15,3,65,17,81,175,320,0.46285714285714286,0.253125
15,3,65,18,94,175,315,0.5371428571428571,0.2984126984126984
15,3,65,19,94,175,315,0.5371428571428571,0.2984126984126984
15,3,65,20,95,175,307,0.5428571428571428,0.30944625407166126
15,3,65,21,94,175,306,0.5371428571428571,0.30718954248366015
16,3.5,75,0,87,197,270,0.4416243654822335,0.32222222222222224
16,3.5,75,1,87,197,270,0.4416243654822335,0.32222222222222224
16,3.5,75,2,87,197,262,0.4416243654822335,0.3320610687022901
16,3.5,75,3,87,197,262,0.4416243654822335,0.3320610687022901
16,3.5,75,4,87,197,262,0.4416243654822335,0.3320610687022901
16,3.5,75,5,87,197,262,0.4416243654822335,0.3320610687022901
16,3.5,75,6,87,197,270,0.4416243654822335,0.32222222222222224
16,3.5,75,7,87,197,270,0.4416243654822335,0.32222222222222224
16,3.5,75,8,87,197,262,0.4416243654822335,0.3320610687022901
16,3.5,75,9,87,197,262,0.4416243654822335,0.3320610687022901
16,3.5,75,10,87,197,262,0.4416243654822335,0.3320610687022901
16,3.5,75,11,87,197,262,0.4416243654822335,0.3320610687022901
16,3.5,75,12,87,197,262,0.4416243654822335,0.3320610687022901
16,3.5,75,13,87,197,262,0.4416243654822335,0.3320610687022901
16,3.5,75,14,87,197,262,0.4416243654822335,0.3320610687022901
16,3.5,75,15,87,197,262,0.4416243654822335,0.3320610687022901
16,3.5,75,16,87,197,270,0.4416243654822335,0.32222222222222224
16,3.5,75,17,87,197,262,0.4416243654822335,0.3320610687022901
16,3.5,75,18,101,197,292,0.5126903553299492,0.3458904109589041
16,3.5,75,19,101,197,292,0.5126903553299492,0.3458904109589041
16,3.5,75,20,101,197,279,0.5126903553299492,0.36200716845878134
16,3.5,75,21,101,197,279,0.5126903553299492,0.36200716845878134
17,4,76,0,95,207,446,0.45893719806763283,0.21300448430493274
17,4,76,1,95,207,446,0.45893719806763283,0.21300448430493274
17,4,76,2,95,207,439,0.45893719806763283,0.2164009111617312
17,4,76,3,95,207,439,0.45893719806763283,0.2164009111617312
17,4,76,4,95,207,439,0.45893719806763283,0.2164009111617312
17,4,76,5,95,207,439,0.45893719806763283,0.2164009111617312
17,4,76,6,95,207,446,0.45893719806763283,0.21300448430493274
17,4,76,7,95,207,446,0.45893719806763283,0.21300448430493274
17,4,76,8,95,207,439,0.45893719806763283,0.2164009111617312
17,4,76,9,95,207,439,0.45893719806763283,0.2164009111617312
17,4,76,10,95,207,439,0.45893719806763283,0.2164009111617312
17,4,76,11,95,207,439,0.45893719806763283,0.2164009111617312
17,4,76,12,95,207,439,0.45893719806763283,0.2164009111617312
17,4,76,13,95,207,439,0.45893719806763283,0.2164009111617312
17,4,76,14,95,207,439,0.45893719806763283,0.2164009111617312
17,4,76,15,95,207,439,0.45893719806763283,0.2164009111617312
17,4,76,16,95,207,446,0.45893719806763283,0.21300448430493274
17,4,76,17,95,207,439,0.45893719806763283,0.2164009111617312
17,4,76,18,113,207,433,0.5458937198067633,0.26096997690531176
17,4,76,19,113,207,433,0.5458937198067633,0.26096997690531176
17,4,76,20,113,207,425,0.5458937198067633,0.26588235294117646
17,4,76,21,113,207,425,0.5458937198067633,0.26588235294117646
18,4.5,84,0,102,225,432,0.4533333333333333,0.2361111111111111
18,4.5,84,1,102,225,432,0.4533333333333333,0.2361111111111111
18,4.5,84,2,102,225,424,0.4533333333333333,0.24056603773584906
18,4.5,84,3,102,225,424,0.4533333333333333,0.24056603773584906
18,4.5,84,4,102,225,424,0.4533333333333333,0.24056603773584906
18,4.5,84,5,102,225,424,0.4533333333333333,0.24056603773584906
18,4.5,84,6,102,225,432,0.4533333333333333,0.2361111111111111
18,4.5,84,7,102,225,432,0.4533333333333333,0.2361111111111111
18,4.5,84,8,102,225,424,0.4533333333333333,0.24056603773584906
18,4.5,84,9,102,225,424,0.4533333333333333,0.24056603773584906
18,4.5,84,10,102,225,424,0.4533333333333333,0.24056603773584906
18,4.5,84,11,102,225,424,0.4533333333333333,0.24056603773584906
18,4.5,84,12,102,225,424,0.4533333333333333,0.24056603773584906
18,4.5,84,13,102,225,424,0.4533333333333333,0.24056603773584906
18,4.5,84,14,102,225,424,0.4533333333333333,0.24056603773584906
18,4.5,84,15,102,225,424,0.4533333333333333,0.24056603773584906
18,4.5,84,16,102,225,432,0.4533333333333333,0.2361111111111111
18,4.5,84,17,102,225,424,0.4533333333333333,0.24056603773584906
18,4.5,84,18,122,225,425,0.5422222222222223,0.28705882352941176
18,4.5,84,19,122,225,425,0.5422222222222223,0.28705882352941176
18,4.5,84,20,122,225,412,0.5422222222222223,0.2961165048543689
18,4.5,84,21,122,225,412,0.5422222222222223,0.2961165048543689
19,5,93,0,114,249,471,0.4578313253012048,0.24203821656050956
19,5,93,1,114,249,471,0.4578313253012048,0.24203821656050956
19,5,93,2,114,249,462,0.4578313253012048,0.24675324675324675
19,5,93,3,114,249,462,0.4578313253012048,0.24675324675324675
19,5,93,4,114,249,462,0.4578313253012048,0.24675324675324675
19,5,93,5,114,249,462,0.4578313253012048,0.24675324675324675
19,5,93,6,114,249,471,0.4578313253012048,0.24203821656050956
19,5,93,7,114,249,471,0.4578313253012048,0.24203821656050956
19,5,93,8,114,249,462,0.4578313253012048,0.24675324675324675
19,5,93,9,114,249,462,0.4578313253012048,0.24675324675324675
19,5,93,10,114,249,462,0.4578313253012048,0.24675324675324675
19,5,93,11,114,249,462,0.4578313253012048,0.24675324675324675
19,5,93,12,114,249,462,0.4578313253012048,0.24675324675324675
19,5,93,13,114,249,462,0.4578313253012048,0.24675324675324675
19,5,93,14,114,249,462,0.4578313253012048,0.24675324675324675
19,5,93,15,114,249,462,0.4578313253012048,0.24675324675324675
19,5,93,16,114,249,471,0.4578313253012048,0.24203821656050956
19,5,93,17,114,249,462,0.4578313253012048,0.24675324675324675
19,5,93,18,135,249,475,0.5421686746987951,0.28421052631578947
19,5,93,19,135,249,475,0.5421686746987951,0.28421052631578947
19,5,93,20,135,249,461,0.5421686746987951,0.2928416485900217
19,5,93,21,135,249,461,0.5421686746987951,0.2928416485900217
20,0.5,8,0,11,20,14,0.55,0.7857142857142857
20,0.5,8,1,11,20,14,0.55,0.7857142857142857
20,0.5,8,2,11,20,14,0.55,0.7857142857142857
20,0.5,8,3,11,20,14,0.55,0.7857142857142857
20,0.5,8,4,11,20,14,0.55,0.7857142857142857
20,0.5,8,5,11,20,14,0.55,0.7857142857142857
20,0.5,8,6,11,20,14,0.55,0.7857142857142857
20,0.5,8,7,11,20,14,0.55,0.7857142857142857
20,0.5,8,8,11,20,14,0.55,0.7857142857142857
20,0.5,8,9,11,20,14,0.55,0.7857142857142857
20,0.5,8,10,11,20,14,0.55,0.7857142857142857
20,0.5,8,11,11,20,14,0.55,0.7857142857142857
20,0.5,8,12,11,20,14,0.55,0.7857142857142857
20,0.5,8,13,11,20,14,0.55,0.7857142857142857
20,0.5,8,14,11,20,14,0.55,0.7857142857142857
20,0.5,8,15,11,20,14,0.55,0.7857142857142857
20,0.5,8,16,11,20,14,0.55,0.7857142857142857
20,0.5,8,17,11,20,14,0.55,0.7857142857142857
20,0.5,8,18,12,20,23,0.6,0.5217391304347826
20,0.5,8,19,12,20,23,0.6,0.5217391304347826
20,0.5,8,20,12,20,23,0.6,0.5217391304347826
20,0.5,8,21,12,20,23,0.6,0.5217391304347826
21,1,26,0,31,66,74,0.4696969696969697,0.4189189189189189
21,1,26,1,31,66,74,0.4696969696969697,0.4189189189189189
21,1,26,2,31,66,72,0.4696969696969697,0.4305555555555556
21,1,26,3,31,66,72,0.4696969696969697,0.4305555555555556
21,1,26,4,31,66,72,0.4696969696969697,0.4305555555555556
21,1,26,5,31,66,72,0.4696969696969697,0.4305555555555556
21,1,26,6,31,66,74,0.4696969696969697,0.4189189189189189
21,1,26,7,31,66,74,0.4696969696969697,0.4189189189189189
21,1,26,8,31,66,72,0.4696969696969697,0.4305555555555556
21,1,26,9,31,66,72,0.4696969696969697,0.4305555555555556
21,1,26,10,31,66,72,0.4696969696969697,0.4305555555555556
21,1,26,11,31,66,72,0.4696969696969697,0.4305555555555556
21,1,26,12,31,66,72,0.4696969696969697,0.4305555555555556
21,1,26,13,31,66,72,0.4696969696969697,0.4305555555555556
21,1,26,14,31,66,72,0.4696969696969697,0.4305555555555556
21,1,26,15,31,66,72,0.4696969696969697,0.4305555555555556
21,1,26,16,31,66,74,0.4696969696969697,0.4189189189189189
21,1,26,17,31,66,72,0.4696969696969697,0.4305555555555556
21,1,26,18,36,66,76,0.5454545454545454,0.47368421052631576
21,1,26,19,36,66,76,0.5454545454545454,0.47368421052631576
21,1,26,20,36,66,71,0.5454545454545454,0.5070422535211268
21,1,26,21,36,66,71,0.5454545454545454,0.5070422535211268
22,1.5,37,0,43,93,122,0.46236559139784944,0.3524590163934426
22,1.5,37,1,43,93,122,0.46236559139784944,0.3524590163934426
22,1.5,37,2,44,93,117,0.4731182795698925,0.37606837606837606
22,1.5,37,3,43,93,116,0.46236559139784944,0.3706896551724138
22,1.5,37,4,43,93,116,0.46236559139784944,0.3706896551724138
22,1.5,37,5,43,93,116,0.46236559139784944,0.3706896551724138
22,1.5,37,6,43,93,122,0.46236559139784944,0.3524590163934426
22,1.5,37,7,43,93,122,0.46236559139784944,0.3524590163934426
22,1.5,37,8,43,93,116,0.46236559139784944,0.3706896551724138
22,1.5,37,9,43,93,116,0.46236559139784944,0.3706896551724138
22,1.5,37,10,43,93,116,0.46236559139784944,0.3706896551724138
22,1.5,37,11,43,93,116,0.46236559139784944,0.3706896551724138
22,1.5,37,12,43,93,116,0.46236559139784944,0.3706896551724138
22,1.5,37,13,44,93,117,0.4731182795698925,0.37606837606837606
22,1.5,37,14,43,93,116,0.46236559139784944,0.3706896551724138
22,1.5,37,15,43,93,116,0.46236559139784944,0.3706896551724138
22,1.5,37,16,43,93,122,0.46236559139784944,0.3524590163934426
22,1.5,37,17,44,93,117,0.4731182795698925,0.37606837606837606
22,1.5,37,18,50,93,138,0.5376344086021505,0.36231884057971014
22,1.5,37,19,50,93,138,0.5376344086021505,0.36231884057971014
22,1.5,37,20,51,93,132,0.5483870967741935,0.38636363636363635
22,1.5,37,21,50,93,131,0.5376344086021505,0.3816793893129771
23,2,44,0,55,121,199,0.45454545454545453,0.27638190954773867
23,2,44,1,55,121,199,0.45454545454545453,0.27638190954773867
23,2,44,2,55,121,197,0.45454545454545453,0.27918781725888325
23,2,44,3,55,121,197,0.45454545454545453,0.27918781725888325
23,2,44,4,55,121,197,0.45454545454545453,0.27918781725888325
23,2,44,5,55,121,197,0.45454545454545453,0.27918781725888325
23,2,44,6,55,121,199,0.45454545454545453,0.27638190954773867
23,2,44,7,55,121,199,0.45454545454545453,0.27638190954773867
23,2,44,8,55,121,197,0.45454545454545453,0.27918781725888325
23,2,44,9,55,121,197,0.45454545454545453,0.27918781725888325
23,2,44,10,55,121,197,0.45454545454545453,0.27918781725888325
23,2,44,11,55,121,197,0.45454545454545453,0.27918781725888325
23,2,44,12,55,121,197,0.45454545454545453,0.27918781725888325
23,2,44,13,55,121,197,0.45454545454545453,0.27918781725888325
23,2,44,14,55,121,197,0.45454545454545453,0.27918781725888325
23,2,44,15,55,121,197,0.45454545454545453,0.27918781725888325
23,2,44,16,55,121,199,0.45454545454545453,0.27638190954773867
23,2,44,17,55,121,197,0.45454545454545453,0.27918781725888325
23,2,44,18,66,121,212,0.5454545454545454,0.3113207547169811
23,2,44,19,66,121,212,0.5454545454545454,0.3113207547169811
23,2,44,20,66,121,205,0.5454545454545454,0.32195121951219513
23,2,44,21,66,121,205,0.5454545454545454,0.32195121951219513
24,2.5,51,0,59,131,168,0.45038167938931295,0.35119047619047616
24,2.5,51,1,59,131,168,0.45038167938931295,0.35119047619047616
24,2.5,51,2,59,131,161,0.45038167938931295,0.36645962732919257
24,2.5,51,3,59,131,161,0.45038167938931295,0.36645962732919257
24,2.5,51,4,59,131,161,0.45038167938931295,0.36645962732919257
24,2.5,51,5,59,131,161,0.45038167938931295,0.36645962732919257
24,2.5,51,6,59,131,168,0.45038167938931295,0.35119047619047616
24,2.5,51,7,59,131,168,0.45038167938931295,0.35119047619047616
24,2.5,51,8,59,131,161,0.45038167938931295,0.36645962732919257
24,2.5,51,9,59,131,161,0.45038167938931295,0.36645962732919257
24,2.5,51,10,59,131,161,0.45038167938931295,0.36645962732919257
24,2.5,51,11,59,131,161,0.45038167938931295,0.36645962732919257
24,2.5,51,12,59,131,161,0.45038167938931295,0.36645962732919257
24,2.5,51,13,59,131,161,0.45038167938931295,0.36645962732919257
24,2.5,51,14,59,131,161,0.45038167938931295,0.36645962732919257
24,2.5,51,15,59,131,161,0.45038167938931295,0.36645962732919257
24,2.5,51,16,59,131,168,0.45038167938931295,0.35119047619047616
24,2.5,51,17,59,131,161,0.45038167938931295,0.36645962732919257
24,2.5,51,18,70,131,167,0.5343511450381679,0.41916167664670656
24,2.5,51,19,70,131,167,0.5343511450381679,0.41916167664670656
24,2.5,51,20,70,131,158,0.5343511450381679,0.4430379746835443
24,2.5,51,21,70,131,158,0.5343511450381679,0.4430379746835443
25,3,68,0,81,180,295,0.45,0.2745762711864407
25,3,68,1,81,180,295,0.45,0.2745762711864407
25,3,68,2,82,180,289,0.45555555555555555,0.2837370242214533
25,3,68,3,81,180,288,0.45,0.28125
25,3,68,4,81,180,288,0.45,0.28125
25,3,68,5,81,180,288,0.45,0.28125
25,3,68,6,81,180,295,0.45,0.2745762711864407
25,3,68,7,81,180,295,0.45,0.2745762711864407
25,3,68,8,81,180,288,0.45,0.28125
25,3,68,9,81,180,288,0.45,0.28125
25,3,68,10,81,180,288,0.45,0.28125
25,3,68,11,81,180,288,0.45,0.28125
25,3,68,12,81,180,288,0.45,0.28125
25,3,68,13,82,180,289,0.45555555555555555,0.2837370242214533
25,3,68,14,81,180,288,0.45,0.28125
25,3,68,15,81,180,288,0.45,0.28125
25,3,68,16,81,180,295,0.45,0.2745762711864407
25,3,68,17,82,180,289,0.45555555555555555,0.2837370242214533
25,3,68,18,96,180,296,0.5333333333333333,0.32432432432432434
25,3,68,19,96,180,296,0.5333333333333333,0.32432432432432434
25,3,68,20,97,180,287,0.5388888888888889,0.33797909407665505
25,3,68,21,96,180,286,0.5333333333333333,0.3356643356643357
26,3.5,80,0,95,210,346,0.4523809523809524,0.2745664739884393
26,3.5,80,1,95,210,346,0.4523809523809524,0.2745664739884393
26,3.5,80,2,95,210,337,0.4523809523809524,0.2818991097922849
26,3.5,80,3,95,210,337,0.4523809523809524,0.2818991097922849
26,3.5,80,4,95,210,337,0.4523809523809524,0.2818991097922849
26,3.5,80,5,95,210,337,0.4523809523809524,0.2818991097922849
26,3.5,80,6,95,210,346,0.4523809523809524,0.2745664739884393
26,3.5,80,7,95,210,346,0.4523809523809524,0.2745664739884393
26,3.5,80,8,95,210,337,0.4523809523809524,0.2818991097922849
26,3.5,80,9,95,210,337,0.4523809523809524,0.2818991097922849
26,3.5,80,10,95,210,337,0.4523809523809524,0.2818991097922849
26,3.5,80,11,95,210,337,0.4523809523809524,0.2818991097922849
26,3.5,80,12,95,210,337,0.4523809523809524,0.2818991097922849
26,3.5,80,13,95,210,337,0.4523809523809524,0.2818991097922849
26,3.5,80,14,95,210,337,0.4523809523809524,0.2818991097922849
26,3.5,80,15,95,210,337,0.4523809523809524,0.2818991097922849
26,3.5,80,16,95,210,346,0.4523809523809524,0.2745664739884393
26,3.5,80,17,95,210,337,0.4523809523809524,0.2818991097922849
26,3.5,80,18,111,210,343,0.5285714285714286,0.3236151603498542
26,3.5,80,19,111,210,343,0.5285714285714286,0.3236151603498542
26,3.5,80,20,111,210,329,0.5285714285714286,0.3373860182370821
26,3.5,80,21,111,210,329,0.5285714285714286,0.3373860182370821
27,4,76,0,88,200,270,0.44,0.32592592592592595
27,4,76,1,88,200,270,0.44,0.32592592592592595
27,4,76,2,88,200,262,0.44,0.33587786259541985
27,4,76,3,88,200,262,0.44,0.33587786259541985
27,4,76,4,88,200,262,0.44,0.33587786259541985
27,4,76,5,88,200,262,0.44,0.33587786259541985
27,4,76,6,88,200,270,0.44,0.32592592592592595
27,4,76,7,88,200,270,0.44,0.32592592592592595
27,4,76,8,88,200,262,0.44,0.33587786259541985
27,4,76,9,88,200,262,0.44,0.33587786259541985
27,4,76,10,88,200,262,0.44,0.33587786259541985
27,4,76,11,88,200,262,0.44,0.33587786259541985
27,4,76,12,88,200,262,0.44,0.33587786259541985
27,4,76,13,88,200,262,0.44,0.33587786259541985
27,4,76,14,88,200,262,0.44,0.33587786259541985
27,4,76,15,88,200,262,0.44,0.33587786259541985
27,4,76,16,88,200,270,0.44,0.32592592592592595
27,4,76,17,88,200,262,0.44,0.33587786259541985
27,4,76,18,103,200,285,0.515,0.36140350877192984
27,4,76,19,103,200,285,0.515,0.36140350877192984
27,4,76,20,104,200,272,0.52,0.38235294117647056
27,4,76,21,103,200,271,0.515,0.3800738007380074
28,4.5,89,0,105,245,400,0.42857142857142855,0.2625
28,4.5,89,1,105,245,400,0.42857142857142855,0.2625
28,4.5,89,2,105,245,393,0.42857142857142855,0.26717557251908397
28,4.5,89,3,105,245,393,0.42857142857142855,0.26717557251908397
28,4.5,89,4,105,245,393,0.42857142857142855,0.26717557251908397
28,4.5,89,5,105,245,393,0.42857142857142855,0.26717557251908397
28,4.5,89,6,105,245,400,0.42857142857142855,0.2625
28,4.5,89,7,105,245,400,0.42857142857142855,0.2625
28,4.5,89,8,105,245,393,0.42857142857142855,0.26717557251908397
28,4.5,89,9,105,245,393,0.42857142857142855,0.26717557251908397
28,4.5,89,10,105,245,393,0.42857142857142855,0.26717557251908397
28,4.5,89,11,105,245,393,0.42857142857142855,0.26717557251908397
28,4.5,89,12,105,245,393,0.42857142857142855,0.26717557251908397
28,4.5,89,13,105,245,393,0.42857142857142855,0.26717557251908397
28,4.5,89,14,105,245,393,0.42857142857142855,0.26717557251908397
28,4.5,89,15,105,245,393,0.42857142857142855,0.26717557251908397
28,4.5,89,16,105,245,400,0.42857142857142855,0.2625
28,4.5,89,17,105,245,393,0.42857142857142855,0.26717557251908397
28,4.5,89,18,129,245,381,0.5265306122448979,0.33858267716535434
28,4.5,89,19,129,245,381,0.5265306122448979,0.33858267716535434
28,4.5,89,20,130,245,368,0.5306122448979592,0.3532608695652174
28,4.5,89,21,129,245,367,0.5265306122448979,0.35149863760217986
29,5,94,0,114,255,471,0.4470588235294118,0.24203821656050956
29,5,94,1,114,255,471,0.4470588235294118,0.24203821656050956
29,5,94,2,114,255,463,0.4470588235294118,0.24622030237580994
29,5,94,3,114,255,463,0.4470588235294118,0.24622030237580994
29,5,94,4,114,255,463,0.4470588235294118,0.24622030237580994
29,5,94,5,114,255,463,0.4470588235294118,0.24622030237580994
29,5,94,6,114,255,471,0.4470588235294118,0.24203821656050956
29,5,94,7,114,255,471,0.4470588235294118,0.24203821656050956
29,5,94,8,114,255,463,0.4470588235294118,0.24622030237580994
29,5,94,9,114,255,463,0.4470588235294118,0.24622030237580994
29,5,94,10,114,255,463,0.4470588235294118,0.24622030237580994
29,5,94,11,114,255,463,0.4470588235294118,0.24622030237580994
29,5,94,12,114,255,463,0.4470588235294118,0.24622030237580994
29,5,94,13,114,255,463,0.4470588235294118,0.24622030237580994
29,5,94,14,114,255,463,0.4470588235294118,0.24622030237580994
29,5,94,15,114,255,463,0.4470588235294118,0.24622030237580994
29,5,94,16,114,255,471,0.4470588235294118,0.24203821656050956
29,5,94,17,114,255,463,0.4470588235294118,0.24622030237580994
29,5,94,18,137,255,476,0.5372549019607843,0.28781512605042014
29,5,94,19,137,255,476,0.5372549019607843,0.28781512605042014
29,5,94,20,137,255,462,0.5372549019607843,0.29653679653679654
29,5,94,21,137,255,462,0.5372549019607843,0.29653679653679654
30,0.5,11,0,14,30,16,0.4666666666666667,0.875
30,0.5,11,1,14,30,16,0.4666666666666667,0.875
30,0.5,11,2,14,30,16,0.4666666666666667,0.875
30,0.5,11,3,14,30,16,0.4666666666666667,0.875
30,0.5,11,4,14,30,16,0.4666666666666667,0.875
30,0.5,11,5,14,30,16,0.4666666666666667,0.875
30,0.5,11,6,14,30,16,0.4666666666666667,0.875
30,0.5,11,7,14,30,16,0.4666666666666667,0.875
30,0.5,11,8,14,30,16,0.4666666666666667,0.875
30,0.5,11,9,14,30,16,0.4666666666666667,0.875
30,0.5,11,10,14,30,16,0.4666666666666667,0.875
30,0.5,11,11,14,30,16,0.4666666666666667,0.875
30,0.5,11,12,14,30,16,0.4666666666666667,0.875
30,0.5,11,13,14,30,16,0.4666666666666667,0.875
30,0.5,11,14,14,30,16,0.4666666666666667,0.875
30,0.5,11,15,14,30,16,0.4666666666666667,0.875
30,0.5,11,16,14,30,16,0.4666666666666667,0.875
30,0.5,11,17,14,30,16,0.4666666666666667,0.875
30,0.5,11,18,17,30,20,0.5666666666666667,0.85
30,0.5,11,19,17,30,20,0.5666666666666667,0.85
30,0.5,11,20,17,30,20,0.5666666666666667,0.85
30,0.5,11,21,17,30,20,0.5666666666666667,0.85
31,1,22,0,28,54,67,0.5185185185185185,0.417910447761194
31,1,22,1,28,54,67,0.5185185185185185,0.417910447761194
31,1,22,2,28,54,65,0.5185185185185185,0.4307692307692308
31,1,22,3,28,54,65,0.5185185185185185,0.4307692307692308
31,1,22,4,28,54,65,0.5185185185185185,0.4307692307692308
31,1,22,5,28,54,65,0.5185185185185185,0.4307692307692308
31,1,22,6,28,54,67,0.5185185185185185,0.417910447761194
31,1,22,7,28,54,67,0.5185185185185185,0.417910447761194
31,1,22,8,28,54,65,0.5185185185185185,0.4307692307692308
31,1,22,9,28,54,65,0.5185185185185185,0.4307692307692308
31,1,22,10,28,54,65,0.5185185185185185,0.4307692307692308
31,1,22,11,28,54,65,0.5185185185185185,0.4307692307692308
31,1,22,12,28,54,65,0.5185185185185185,0.4307692307692308
31,1,22,13,28,54,65,0.5185185185185185,0.4307692307692308
31,1,22,14,28,54,65,0.5185185185185185,0.4307692307692308
31,1,22,15,28,54,65,0.5185185185185185,0.4307692307692308
31,1,22,16,28,54,67,0.5185185185185185,0.417910447761194
31,1,22,17,28,54,65,0.5185185185185185,0.4307692307692308
31,1,22,18,30,54,57,0.5555555555555556,0.5263157894736842
31,1,22,19,30,54,57,0.5555555555555556,0.5263157894736842
31,1,22,20,30,54,54,0.5555555555555556,0.5555555555555556
31,1,22,21,30,54,54,0.5555555555555556,0.5555555555555556
32,1.5,22,0,27,59,65,0.4576271186440678,0.4153846153846154
32,1.5,22,1,27,59,65,0.4576271186440678,0.4153846153846154
32,1.5,22,2,27,59,64,0.4576271186440678,0.421875
32,1.5,22,3,27,59,64,0.4576271186440678,0.421875
32,1.5,22,4,27,59,64,0.4576271186440678,0.421875
32,1.5,22,5,27,59,64,0.4576271186440678,0.421875
32,1.5,22,6,27,59,65,0.4576271186440678,0.4153846153846154
32,1.5,22,7,27,59,65,0.4576271186440678,0.4153846153846154
32,1.5,22,8,27,59,64,0.4576271186440678,0.421875
32,1.5,22,9,27,59,64,0.4576271186440678,0.421875
32,1.5,22,10,27,59,64,0.4576271186440678,0.421875
32,1.5,22,11,27,59,64,0.4576271186440678,0.421875
32,1.5,22,12,27,59,64,0.4576271186440678,0.421875
32,1.5,22,13,27,59,64,0.4576271186440678,0.421875
32,1.5,22,14,27,59,64,0.4576271186440678,0.421875
32,1.5,22,15,27,59,64,0.4576271186440678,0.421875
32,1.5,22,16,27,59,65,0.4576271186440678,0.4153846153846154
32,1.5,22,17,27,59,64,0.4576271186440678,0.421875
32,1.5,22,18,31,59,73,0.5254237288135594,0.4246575342465753
32,1.5,22,19,31,59,73,0.5254237288135594,0.4246575342465753
32,1.5,22,20,31,59,71,0.5254237288135594,0.43661971830985913
32,1.5,22,21,31,59,71,0.5254237288135594,0.43661971830985913
33,2,42,0,51,104,167,0.49038461538461536,0.30538922155688625
33,2,42,1,51,104,167,0.49038461538461536,0.30538922155688625
33,2,42,2,51,104,160,0.49038461538461536,0.31875
33,2,42,3,51,104,160,0.49038461538461536,0.31875
33,2,42,4,51,104,160,0.49038461538461536,0.31875
33,2,42,5,51,104,160,0.49038461538461536,0.31875
33,2,42,6,51,104,167,0.49038461538461536,0.30538922155688625
33,2,42,7,51,104,167,0.49038461538461536,0.30538922155688625
33,2,42,8,51,104,160,0.49038461538461536,0.31875
33,2,42,9,51,104,160,0.49038461538461536,0.31875
33,2,42,10,51,104,160,0.49038461538461536,0.31875
33,2,42,11,51,104,160,0.49038461538461536,0.31875
33,2,42,12,51,104,160,0.49038461538461536,0.31875
33,2,42,13,51,104,160,0.49038461538461536,0.31875
33,2,42,14,51,104,160,0.49038461538461536,0.31875
33,2,42,15,51,104,160,0.49038461538461536,0.31875
33,2,42,16,51,104,167,0.49038461538461536,0.30538922155688625
33,2,42,17,51,104,160,0.49038461538461536,0.31875
33,2,42,18,57,104,161,0.5480769230769231,0.35403726708074534
33,2,42,19,57,104,161,0.5480769230769231,0.35403726708074534
33,2,42,20,57,104,154,0.5480769230769231,0.37012987012987014
33,2,42,21,57,104,154,0.5480769230769231,0.37012987012987014
34,2.5,57,0,71,158,283,0.44936708860759494,0.2508833922261484
34,2.5,57,1,71,158,283,0.44936708860759494,0.2508833922261484
34,2.5,57,2,71,158,281,0.44936708860759494,0.2526690391459075
34,2.5,57,3,71,158,281,0.44936708860759494,0.2526690391459075
34,2.5,57,4,71,158,281,0.44936708860759494,0.2526690391459075
34,2.5,57,5,71,158,281,0.44936708860759494,0.2526690391459075
34,2.5,57,6,71,158,283,0.44936708860759494,0.2508833922261484
34,2.5,57,7,71,158,283,0.44936708860759494,0.2508833922261484
34,2.5,57,8,71,158,281,0.44936708860759494,0.2526690391459075
34,2.5,57,9,71,158,281,0.44936708860759494,0.2526690391459075
34,2.5,57,10,71,158,281,0.44936708860759494,0.2526690391459075
34,2.5,57,11,71,158,281,0.44936708860759494,0.2526690391459075
34,2.5,57,12,71,158,281,0.44936708860759494,0.2526690391459075
34,2.5,57,13,71,158,281,0.44936708860759494,0.2526690391459075
34,2.5,57,14,71,158,281,0.44936708860759494,0.2526690391459075
34,2.5,57,15,71,158,281,0.44936708860759494,0.2526690391459075
34,2.5,57,16,71,158,283,0.44936708860759494,0.2508833922261484
34,2.5,57,17,71,158,281,0.44936708860759494,0.2526690391459075
34,2.5,57,18,86,158,287,0.5443037974683544,0.29965156794425085
34,2.5,57,19,86,158,287,0.5443037974683544,0.29965156794425085
34,2.5,57,20,86,158,280,0.5443037974683544,0.30714285714285716
34,2.5,57,21,86,158,280,0.5443037974683544,0.30714285714285716
35,3,58,0,70,145,243,0.4827586206896552,0.2880658436213992
35,3,58,1,70,145,243,0.4827586206896552,0.2880658436213992
35,3,58,2,70,145,235,0.4827586206896552,0.2978723404255319
35,3,58,3,70,145,235,0.4827586206896552,0.2978723404255319
35,3,58,4,70,145,235,0.4827586206896552,0.2978723404255319
35,3,58,5,70,145,235,0.4827586206896552,0.2978723404255319
35,3,58,6,70,145,243,0.4827586206896552,0.2880658436213992
35,3,58,7,70,145,243,0.4827586206896552,0.2880658436213992
35,3,58,8,70,145,235,0.4827586206896552,0.2978723404255319
35,3,58,9,70,145,235,0.4827586206896552,0.2978723404255319
35,3,58,10,70,145,235,0.4827586206896552,0.2978723404255319
35,3,58,11,70,145,235,0.4827586206896552,0.2978723404255319
35,3,58,12,70,145,235,0.4827586206896552,0.2978723404255319
35,3,58,13,70,145,235,0.4827586206896552,0.2978723404255319
35,3,58,14,70,145,235,0.4827586206896552,0.2978723404255319
35,3,58,15,70,145,235,0.4827586206896552,0.2978723404255319
35,3,58,16,70,145,243,0.4827586206896552,0.2880658436213992
35,3,58,17,70,145,235,0.4827586206896552,0.2978723404255319
35,3,58,18,79,145,230,0.5448275862068965,0.34347826086956523
35,3,58,19,79,145,230,0.5448275862068965,0.34347826086956523
35,3,58,20,79,145,220,0.5448275862068965,0.35909090909090907
35,3,58,21,79,145,220,0.5448275862068965,0.35909090909090907
36,3.5,65,0,79,173,301,0.45664739884393063,0.26245847176079734
36,3.5,65,1,79,173,301,0.45664739884393063,0.26245847176079734
36,3.5,65,2,79,173,294,0.45664739884393063,0.2687074829931973
36,3.5,65,3,79,173,294,0.45664739884393063,0.2687074829931973
36,3.5,65,4,79,173,294,0.45664739884393063,0.2687074829931973
36,3.5,65,5,79,173,294,0.45664739884393063,0.2687074829931973
36,3.5,65,6,79,173,301,0.45664739884393063,0.26245847176079734
36,3.5,65,7,79,173,301,0.45664739884393063,0.26245847176079734
36,3.5,65,8,79,173,294,0.45664739884393063,0.2687074829931973
36,3.5,65,9,79,173,294,0.45664739884393063,0.2687074829931973
36,3.5,65,10,79,173,294,0.45664739884393063,0.2687074829931973
36,3.5,65,11,79,173,294,0.45664739884393063,0.2687074829931973
36,3.5,65,12,79,173,294,0.45664739884393063,0.2687074829931973
36,3.5,65,13,79,173,294,0.45664739884393063,0.2687074829931973
36,3.5,65,14,79,173,294,0.45664739884393063,0.2687074829931973
36,3.5,65,15,79,173,294,0.45664739884393063,0.2687074829931973
36,3.5,65,16,79,173,301,0.45664739884393063,0.26245847176079734
36,3.5,65,17,79,173,294,0.45664739884393063,0.2687074829931973
36,3.5,65,18,94,173,297,0.5433526011560693,0.3164983164983165
36,3.5,65,19,94,173,297,0.5433526011560693,0.3164983164983165
36,3.5,65,20,95,173,289,0.5491329479768786,0.328719723183391
36,3.5,65,21,94,173,288,0.5433526011560693,0.3263888888888889
37,4,97,0,117,263,479,0.4448669201520912,0.24425887265135698
37,4,97,1,117,263,479,0.4448669201520912,0.24425887265135698
37,4,97,2,117,263,471,0.4448669201520912,0.2484076433121019
37,4,97,3,117,263,471,0.4448669201520912,0.2484076433121019
37,4,97,4,117,263,471,0.4448669201520912,0.2484076433121019
37,4,97,5,117,263,471,0.4448669201520912,0.2484076433121019
37,4,97,6,117,263,479,0.4448669201520912,0.24425887265135698
37,4,97,7,117,263,479,0.4448669201520912,0.24425887265135698
37,4,97,8,117,263,471,0.4448669201520912,0.2484076433121019
37,4,97,9,117,263,471,0.4448669201520912,0.2484076433121019
37,4,97,10,117,263,471,0.4448669201520912,0.2484076433121019
37,4,97,11,117,263,471,0.4448669201520912,0.2484076433121019
37,4,97,12,117,263,471,0.4448669201520912,0.2484076433121019
37,4,97,13,117,263,471,0.4448669201520912,0.2484076433121019
37,4,97,14,117,263,471,0.4448669201520912,0.2484076433121019
37,4,97,15,117,263,471,0.4448669201520912,0.2484076433121019
37,4,97,16,117,263,479,0.4448669201520912,0.24425887265135698
37,4,97,17,117,263,471,0.4448669201520912,0.2484076433121019
37,4,97,18,140,263,480,0.532319391634981,0.2916666666666667
37,4,97,19,140,263,480,0.532319391634981,0.2916666666666667
37,4,97,20,140,263,466,0.532319391634981,0.30042918454935624
37,4,97,21,140,263,466,0.532319391634981,0.30042918454935624
38,4.5,91,0,106,239,338,0.4435146443514644,0.3136094674556213
38,4.5,91,1,106,239,338,0.4435146443514644,0.3136094674556213
38,4.5,91,2,106,239,327,0.4435146443514644,0.3241590214067278
38,4.5,91,3,106,239,327,0.4435146443514644,0.3241590214067278
38,4.5,91,4,106,239,327,0.4435146443514644,0.3241590214067278
38,4.5,91,5,106,239,327,0.4435146443514644,0.3241590214067278
38,4.5,91,6,106,239,338,0.4435146443514644,0.3136094674556213
38,4.5,91,7,106,239,338,0.4435146443514644,0.3136094674556213
38,4.5,91,8,106,239,327,0.4435146443514644,0.3241590214067278
38,4.5,91,9,106,239,327,0.4435146443514644,0.3241590214067278
38,4.5,91,10,106,239,327,0.4435146443514644,0.3241590214067278
38,4.5,91,11,106,239,327,0.4435146443514644,0.3241590214067278
38,4.5,91,12,106,239,327,0.4435146443514644,0.3241590214067278
38,4.5,91,13,106,239,327,0.4435146443514644,0.3241590214067278
38,4.5,91,14,106,239,327,0.4435146443514644,0.3241590214067278
38,4.5,91,15,106,239,327,0.4435146443514644,0.3241590214067278
38,4.5,91,16,106,239,338,0.4435146443514644,0.3136094674556213
38,4.5,91,17,106,239,327,0.4435146443514644,0.3241590214067278
38,4.5,91,18,125,239,381,0.5230125523012552,0.32808398950131235
38,4.5,91,19,125,239,381,0.5230125523012552,0.32808398950131235
38,4.5,91,20,125,239,365,0.5230125523012552,0.3424657534246575
38,4.5,91,21,125,239,365,0.5230125523012552,0.3424657534246575
39,5,83,0,99,217,371,0.45622119815668205,0.2668463611859838
39,5,83,1,99,217,371,0.45622119815668205,0.2668463611859838
39,5,83,2,99,217,362,0.45622119815668205,0.27348066298342544
39,5,83,3,99,217,362,0.45622119815668205,0.27348066298342544
39,5,83,4,99,217,362,0.45622119815668205,0.27348066298342544
39,5,83,5,99,217,362,0.45622119815668205,0.27348066298342544
39,5,83,6,99,217,371,0.45622119815668205,0.2668463611859838
39,5,83,7,99,217,371,0.45622119815668205,0.2668463611859838
39,5,83,8,99,217,362,0.45622119815668205,0.27348066298342544
39,5,83,9,99,217,362,0.45622119815668205,0.27348066298342544
39,5,83,10,99,217,362,0.45622119815668205,0.27348066298342544
39,5,83,11,99,217,362,0.45622119815668205,0.27348066298342544
39,5,83,12,99,217,362,0.45622119815668205,0.27348066298342544
39,5,83,13,99,217,362,0.45622119815668205,0.27348066298342544
39,5,83,14,99,217,362,0.45622119815668205,0.27348066298342544
39,5,83,15,99,217,362,0.45622119815668205,0.27348066298342544
39,5,83,16,99,217,371,0.45622119815668205,0.2668463611859838
39,5,83,17,99,217,362,0.45622119815668205,0.27348066298342544
39,5,83,18,116,217,354,0.5345622119815668,0.327683615819209
39,5,83,19,116,217,354,0.5345622119815668,0.327683615819209
39,5,83,20,116,217,339,0.5345622119815668,0.3421828908554572
39,5,83,21,116,217,339,0.5345622119815668,0.3421828908554572
40,0.5,10,0,15,27,52,0.5555555555555556,0.28846153846153844
40,0.5,10,1,15,27,52,0.5555555555555556,0.28846153846153844
40,0.5,10,2,15,27,52,0.5555555555555556,0.28846153846153844
40,0.5,10,3,15,27,52,0.5555555555555556,0.28846153846153844
40,0.5,10,4,15,27,52,0.5555555555555556,0.28846153846153844
40,0.5,10,5,15,27,52,0.5555555555555556,0.28846153846153844
40,0.5,10,6,15,27,52,0.5555555555555556,0.28846153846153844
40,0.5,10,7,15,27,52,0.5555555555555556,0.28846153846153844
40,0.5,10,8,15,27,52,0.5555555555555556,0.28846153846153844
40,0.5,10,9,15,27,52,0.5555555555555556,0.28846153846153844
40,0.5,10,10,15,27,52,0.5555555555555556,0.28846153846153844
40,0.5,10,11,15,27,52,0.5555555555555556,0.28846153846153844
40,0.5,10,12,15,27,52,0.5555555555555556,0.28846153846153844
40,0.5,10,13,15,27,52,0.5555555555555556,0.28846153846153844
40,0.5,10,14,15,27,52,0.5555555555555556,0.28846153846153844
40,0.5,10,15,15,27,52,0.5555555555555556,0.28846153846153844
40,0.5,10,16,15,27,52,0.5555555555555556,0.28846153846153844
40,0.5,10,17,15,27,52,0.5555555555555556,0.28846153846153844
40,0.5,10,18,17,27,56,0.6296296296296297,0.30357142857142855
40,0.5,10,19,17,27,56,0.6296296296296297,0.30357142857142855
40,0.5,10,20,17,27,56,0.6296296296296297,0.30357142857142855
40,0.5,10,21,17,27,56,0.6296296296296297,0.30357142857142855
41,1,20,0,25,50,62,0.5,0.4032258064516129
41,1,20,1,25,50,62,0.5,0.4032258064516129
41,1,20,2,25,50,61,0.5,0.4098360655737705
41,1,20,3,25,50,61,0.5,0.4098360655737705
41,1,20,4,25,50,61,0.5,0.4098360655737705
41,1,20,5,25,50,61,0.5,0.4098360655737705
41,1,20,6,25,50,62,0.5,0.4032258064516129
41,1,20,7,25,50,62,0.5,0.4032258064516129
41,1,20,8,25,50,61,0.5,0.4098360655737705
41,1,20,9,25,50,61,0.5,0.4098360655737705
41,1,20,10,25,50,61,0.5,0.4098360655737705
41,1,20,11,25,50,61,0.5,0.4098360655737705
41,1,20,12,25,50,61,0.5,0.4098360655737705
41,1,20,13,25,50,61,0.5,0.4098360655737705
41,1,20,14,25,50,61,0.5,0.4098360655737705
41,1,20,15,25,50,61,0.5,0.4098360655737705
41,1,20,16,25,50,62,0.5,0.4032258064516129
41,1,20,17,25,50,61,0.5,0.4098360655737705
41,1,20,18,28,50,54,0.56,0.5185185185185185
41,1,20,19,28,50,54,0.56,0.5185185185185185
41,1,20,20,28,50,52,0.56,0.5384615384615384
41,1,20,21,28,50,52,0.56,0.5384615384615384
42,1.5,32,0,40,83,148,0.4819277108433735,0.2702702702702703
42,1.5,32,1,40,83,148,0.4819277108433735,0.2702702702702703
42,1.5,32,2,41,83,146,0.4939759036144578,0.2808219178082192
42,1.5,32,3,40,83,145,0.4819277108433735,0.27586206896551724
42,1.5,32,4,40,83,145,0.4819277108433735,0.27586206896551724
42,1.5,32,5,40,83,145,0.4819277108433735,0.27586206896551724
42,1.5,32,6,40,83,148,0.4819277108433735,0.2702702702702703
42,1.5,32,7,40,83,148,0.4819277108433735,0.2702702702702703
42,1.5,32,8,40,83,145,0.4819277108433735,0.27586206896551724
42,1.5,32,9,40,83,145,0.4819277108433735,0.27586206896551724
42,1.5,32,10,40,83,145,0.4819277108433735,0.27586206896551724
42,1.5,32,11,40,83,145,0.4819277108433735,0.27586206896551724
42,1.5,32,12,40,83,145,0.4819277108433735,0.27586206896551724
42,1.5,32,13,41,83,146,0.4939759036144578,0.2808219178082192
42,1.5,32,14,40,83,145,0.4819277108433735,0.27586206896551724
42,1.5,32,15,40,83,145,0.4819277108433735,0.27586206896551724
42,1.5,32,16,40,83,148,0.4819277108433735,0.2702702702702703
42,1.5,32,17,41,83,146,0.4939759036144578,0.2808219178082192
42,1.5,32,18,46,83,152,0.5542168674698795,0.3026315789473684
42,1.5,32,19,46,83,152,0.5542168674698795,0.3026315789473684
42,1.5,32,20,47,83,149,0.5662650602409639,0.31543624161073824
42,1.5,32,21,46,83,148,0.5542168674698795,0.3108108108108108
43,2,44,0,53,119,168,0.44537815126050423,0.31547619047619047
43,2,44,1,53,119,168,0.44537815126050423,0.31547619047619047
43,2,44,2,53,119,165,0.44537815126050423,0.3212121212121212
43,2,44,3,53,119,165,0.44537815126050423,0.3212121212121212
43,2,44,4,53,119,165,0.44537815126050423,0.3212121212121212
43,2,44,5,53,119,165,0.44537815126050423,0.3212121212121212
43,2,44,6,53,119,168,0.44537815126050423,0.31547619047619047
43,2,44,7,53,119,168,0.44537815126050423,0.31547619047619047
43,2,44,8,53,119,165,0.44537815126050423,0.3212121212121212
43,2,44,9,53,119,165,0.44537815126050423,0.3212121212121212
43,2,44,10,53,119,165,0.44537815126050423,0.3212121212121212
43,2,44,11,53,119,165,0.44537815126050423,0.3212121212121212
43,2,44,12,53,119,165,0.44537815126050423,0.3212121212121212
43,2,44,13,53,119,165,0.44537815126050423,0.3212121212121212
43,2,44,14,53,119,165,0.44537815126050423,0.3212121212121212
43,2,44,15,53,119,165,0.44537815126050423,0.3212121212121212
43,2,44,16,53,119,168,0.44537815126050423,0.31547619047619047
43,2,44,17,53,119,165,0.44537815126050423,0.3212121212121212
43,2,44,18,64,119,199,0.5378151260504201,0.32160804020100503
43,2,44,19,64,119,199,0.5378151260504201,0.32160804020100503
43,2,44,20,64,119,194,0.5378151260504201,0.32989690721649484
43,2,44,21,64,119,194,0.5378151260504201,0.32989690721649484
44,2.5,59,0,70,157,204,0.445859872611465,0.3431372549019608
44,2.5,59,1,70,157,204,0.445859872611465,0.3431372549019608
44,2.5,59,2,70,157,197,0.445859872611465,0.3553299492385787
44,2.5,59,3,70,157,197,0.445859872611465,0.3553299492385787
44,2.5,59,4,70,157,197,0.445859872611465,0.3553299492385787
44,2.5,59,5,70,157,197,0.445859872611465,0.3553299492385787
44,2.5,59,6,70,157,204,0.445859872611465,0.3431372549019608
44,2.5,59,7,70,157,204,0.445859872611465,0.3431372549019608
44,2.5,59,8,70,157,197,0.445859872611465,0.3553299492385787
44,2.5,59,9,70,157,197,0.445859872611465,0.3553299492385787
44,2.5,59,10,70,157,197,0.445859872611465,0.3553299492385787
44,2.5,59,11,70,157,197,0.445859872611465,0.3553299492385787
44,2.5,59,12,70,157,197,0.445859872611465,0.3553299492385787
44,2.5,59,13,70,157,197,0.445859872611465,0.3553299492385787
44,2.5,59,14,70,157,197,0.445859872611465,0.3553299492385787
44,2.5,59,15,70,157,197,0.445859872611465,0.3553299492385787
44,2.5,59,16,70,157,204,0.445859872611465,0.3431372549019608
44,2.5,59,17,70,157,197,0.445859872611465,0.3553299492385787
44,2.5,59,18,83,157,264,0.5286624203821656,0.3143939393939394
44,2.5,59,19,83,157,264,0.5286624203821656,0.3143939393939394
44,2.5,59,20,83,157,256,0.5286624203821656,0.32421875
44,2.5,59,21,83,157,256,0.5286624203821656,0.32421875
45,3,61,0,74,158,295,0.46835443037974683,0.25084745762711863
45,3,61,1,74,158,295,0.46835443037974683,0.25084745762711863
45,3,61,2,74,158,288,0.46835443037974683,0.2569444444444444
45,3,61,3,74,158,288,0.46835443037974683,0.2569444444444444
45,3,61,4,74,158,288,0.46835443037974683,0.2569444444444444
45,3,61,5,74,158,288,0.46835443037974683,0.2569444444444444
45,3,61,6,74,158,295,0.46835443037974683,0.25084745762711863
45,3,61,7,74,158,295,0.46835443037974683,0.25084745762711863
45,3,61,8,74,158,288,0.46835443037974683,0.2569444444444444
45,3,61,9,74,158,288,0.46835443037974683,0.2569444444444444
45,3,61,10,74,158,288,0.46835443037974683,0.2569444444444444
45,3,61,11,74,158,288,0.46835443037974683,0.2569444444444444
45,3,61,12,74,158,288,0.46835443037974683,0.2569444444444444
45,3,61,13,74,158,288,0.46835443037974683,0.2569444444444444
45,3,61,14,74,158,288,0.46835443037974683,0.2569444444444444
45,3,61,15,74,158,288,0.46835443037974683,0.2569444444444444
45,3,61,16,74,158,295,0.46835443037974683,0.25084745762711863
45,3,61,17,74,158,288,0.46835443037974683,0.2569444444444444
45,3,61,18,85,158,278,0.5379746835443038,0.3057553956834532
45,3,61,19,85,158,278,0.5379746835443038,0.3057553956834532
45,3,61,20,85,158,268,0.5379746835443038,0.31716417910447764
45,3,61,21,85,158,268,0.5379746835443038,0.31716417910447764
46,3.5,57,0,69,151,253,0.45695364238410596,0.2727272727272727
46,3.5,57,1,69,151,253,0.45695364238410596,0.2727272727272727
46,3.5,57,2,69,151,246,0.45695364238410596,0.2804878048780488
46,3.5,57,3,69,151,246,0.45695364238410596,0.2804878048780488
46,3.5,57,4,69,151,246,0.45695364238410596,0.2804878048780488
46,3.5,57,5,69,151,246,0.45695364238410596,0.2804878048780488
46,3.5,57,6,69,151,253,0.45695364238410596,0.2727272727272727
46,3.5,57,7,69,151,253,0.45695364238410596,0.2727272727272727
46,3.5,57,8,69,151,246,0.45695364238410596,0.2804878048780488
46,3.5,57,9,69,151,246,0.45695364238410596,0.2804878048780488
46,3.5,57,10,69,151,246,0.45695364238410596,0.2804878048780488
46,3.5,57,11,69,151,246,0.45695364238410596,0.2804878048780488
46,3.5,57,12,69,151,246,0.45695364238410596,0.2804878048780488
46,3.5,57,13,69,151,246,0.45695364238410596,0.2804878048780488
46,3.5,57,14,69,151,246,0.45695364238410596,0.2804878048780488
46,3.5,57,15,69,151,246,0.45695364238410596,0.2804878048780488
46,3.5,57,16,69,151,253,0.45695364238410596,0.2727272727272727
46,3.5,57,17,69,151,246,0.45695364238410596,0.2804878048780488
46,3.5,57,18,82,151,246,0.543046357615894,0.3333333333333333
46,3.5,57,19,82,151,246,0.543046357615894,0.3333333333333333
46,3.5,57,20,82,151,237,0.543046357615894,0.3459915611814346
46,3.5,57,21,83,151,238,0.5496688741721855,0.3487394957983193
47,4,84,0,101,223,392,0.452914798206278,0.2576530612244898
47,4,84,1,101,223,392,0.452914798206278,0.2576530612244898
47,4,84,2,101,223,384,0.452914798206278,0.2630208333333333
47,4,84,3,101,223,384,0.452914798206278,0.2630208333333333
47,4,84,4,101,223,384,0.452914798206278,0.2630208333333333
47,4,84,5,101,223,384,0.452914798206278,0.2630208333333333
47,4,84,6,101,223,392,0.452914798206278,0.2576530612244898
47,4,84,7,101,223,392,0.452914798206278,0.2576530612244898
47,4,84,8,101,223,384,0.452914798206278,0.2630208333333333
47,4,84,9,101,223,384,0.452914798206278,0.2630208333333333
47,4,84,10,101,223,384,0.452914798206278,0.2630208333333333
47,4,84,11,101,223,384,0.452914798206278,0.2630208333333333
47,4,84,12,101,223,384,0.452914798206278,0.2630208333333333
47,4,84,13,101,223,384,0.452914798206278,0.2630208333333333
47,4,84,14,101,223,384,0.452914798206278,0.2630208333333333
47,4,84,15,101,223,384,0.452914798206278,0.2630208333333333
47,4,84,16,101,223,392,0.452914798206278,0.2576530612244898
47,4,84,17,101,223,384,0.452914798206278,0.2630208333333333
47,4,84,18,120,223,392,0.5381165919282511,0.30612244897959184
47,4,84,19,120,223,392,0.5381165919282511,0.30612244897959184
47,4,84,20,120,223,378,0.5381165919282511,0.31746031746031744
47,4,84,21,120,223,378,0.5381165919282511,0.31746031746031744
48,4.5,96,0,115,254,431,0.452755905511811,0.2668213457076566
48,4.5,96,1,115,254,431,0.452755905511811,0.2668213457076566
48,4.5,96,2,115,254,421,0.452755905511811,0.27315914489311166
48,4.5,96,3,115,254,421,0.452755905511811,0.27315914489311166
48,4.5,96,4,115,254,421,0.452755905511811,0.27315914489311166
48,4.5,96,5,115,254,421,0.452755905511811,0.27315914489311166
48,4.5,96,6,115,254,431,0.452755905511811,0.2668213457076566
48,4.5,96,7,115,254,431,0.452755905511811,0.2668213457076566
48,4.5,96,8,115,254,421,0.452755905511811,0.27315914489311166
48,4.5,96,9,115,254,421,0.452755905511811,0.27315914489311166
48,4.5,96,10,115,254,421,0.452755905511811,0.27315914489311166
48,4.5,96,11,115,254,421,0.452755905511811,0.27315914489311166
48,4.5,96,12,115,254,421,0.452755905511811,0.27315914489311166
48,4.5,96,13,115,254,421,0.452755905511811,0.27315914489311166
48,4.5,96,14,115,254,421,0.452755905511811,0.27315914489311166
48,4.5,96,15,115,254,421,0.452755905511811,0.27315914489311166
48,4.5,96,16,115,254,431,0.452755905511811,0.2668213457076566
48,4.5,96,17,115,254,421,0.452755905511811,0.27315914489311166
48,4.5,96,18,135,254,429,0.531496062992126,0.3146853146853147
48,4.5,96,19,135,254,429,0.531496062992126,0.3146853146853147
48,4.5,96,20,135,254,414,0.531496062992126,0.32608695652173914
48,4.5,96,21,135,254,414,0.531496062992126,0.32608695652173914
49,5,120,0,145,324,590,0.44753086419753085,0.2457627118644068
49,5,120,1,145,324,590,0.44753086419753085,0.2457627118644068
49,5,120,2,145,324,577,0.44753086419753085,0.2512998266897747
49,5,120,3,145,324,577,0.44753086419753085,0.2512998266897747
49,5,120,4,145,324,577,0.44753086419753085,0.2512998266897747
49,5,120,5,145,324,577,0.44753086419753085,0.2512998266897747
49,5,120,6,145,324,590,0.44753086419753085,0.2457627118644068
49,5,120,7,145,324,590,0.44753086419753085,0.2457627118644068
49,5,120,8,145,324,577,0.44753086419753085,0.2512998266897747
49,5,120,9,145,324,577,0.44753086419753085,0.2512998266897747
49,5,120,10,145,324,577,0.44753086419753085,0.2512998266897747
49,5,120,11,145,324,577,0.44753086419753085,0.2512998266897747
49,5,120,12,145,324,577,0.44753086419753085,0.2512998266897747
49,5,120,13,145,324,577,0.44753086419753085,0.2512998266897747
49,5,120,14,145,324,577,0.44753086419753085,0.2512998266897747
49,5,120,15,145,324,577,0.44753086419753085,0.2512998266897747
49,5,120,16,145,324,590,0.44753086419753085,0.2457627118644068
49,5,120,17,145,324,577,0.44753086419753085,0.2512998266897747
49,5,120,18,173,324,611,0.5339506172839507,0.28314238952536824
49,5,120,19,173,324,611,0.5339506172839507,0.28314238952536824
49,5,120,20,173,324,594,0.5339506172839507,0.29124579124579125
49,5,120,21,173,324,594,0.5339506172839507,0.29124579124579125
